distribution_id,fund_code,investor_code,distribution_number,distribution_date,record_date,distribution_amount,distribution_currency,distribution_type,source_investment,tax_year,withholding_tax_amount,net_distribution_amount,cumulative_distributions,status,payment_date,fx_rate,fx_rate_as_of,fx_rate_source,created_date,last_modified_date
ADMIN-DIST-001,ADMIN-FUND-001,ADMIN-INV-024,1,2024-07-03,2024-06-18,5911310.25,EUR,Capital Gain,,2024,0.0,5911310.25,5911310.25,Paid,2024-07-03,1.0,2024-07-03,INTERNAL,2024-07-03,2024-07-03
ADMIN-DIST-002,ADMIN-FUND-001,ADMIN-INV-024,2,2017-03-17,2017-03-02,11567417.8,EUR,Capital Gain,,2017,0.0,11567417.8,17478728.05,Paid,2017-03-17,1.0,2017-03-17,INTERNAL,2017-03-17,2017-03-17
ADMIN-DIST-003,ADMIN-FUND-001,ADMIN-INV-024,3,2021-02-10,2021-01-26,1876795.97,EUR,Capital Gain,,2021,0.0,1876795.97,19355524.02,Paid,2021-02-10,1.0,2021-02-10,INTERNAL,2021-02-10,2021-02-10
ADMIN-DIST-004,ADMIN-FUND-001,ADMIN-INV-024,4,2018-03-21,2018-03-06,7957657.63,EUR,Dividend,,2018,0.0,7957657.63,27313181.65,Paid,2018-03-21,1.0,2018-03-21,INTERNAL,2018-03-21,2018-03-21
ADMIN-DIST-005,ADMIN-FUND-001,ADMIN-INV-024,5,2022-10-20,2022-10-05,7059714.34,EUR,Capital Gain,,2022,0.0,7059714.34,34372895.99,Paid,2022-10-20,1.0,2022-10-20,INTERNAL,2022-10-20,2022-10-20
ADMIN-DIST-006,ADMIN-FUND-001,ADMIN-INV-024,6,2019-03-12,2019-02-25,7550235.18,EUR,Return of Capital,,2019,0.0,7550235.18,41923131.17,Paid,2019-03-12,1.0,2019-03-12,INTERNAL,2019-03-12,2019-03-12
ADMIN-DIST-007,ADMIN-FUND-001,ADMIN-INV-015,1,2019-03-04,2019-02-17,4709329.92,EUR,Capital Gain,,2019,0.0,4709329.92,4709329.92,Paid,2019-03-04,1.0,2019-03-04,INTERNAL,2019-03-04,2019-03-04
ADMIN-DIST-008,ADMIN-FUND-001,ADMIN-INV-015,2,2022-05-05,2022-04-20,5383577.69,EUR,Dividend,,2022,0.0,5383577.69,10092907.61,Paid,2022-05-05,1.0,2022-05-05,INTERNAL,2022-05-05,2022-05-05
ADMIN-DIST-009,ADMIN-FUND-001,ADMIN-INV-015,3,2016-06-10,2016-05-26,5532854.46,EUR,Dividend,,2016,0.0,5532854.46,15625762.07,Paid,2016-06-10,1.0,2016-06-10,INTERNAL,2016-06-10,2016-06-10
ADMIN-DIST-010,ADMIN-FUND-001,ADMIN-INV-015,4,2016-08-16,2016-08-01,3385976.53,EUR,Dividend,,2016,0.0,3385976.53,19011738.6,Paid,2016-08-16,1.0,2016-08-16,INTERNAL,2016-08-16,2016-08-16
ADMIN-DIST-011,ADMIN-FUND-001,ADMIN-INV-015,5,2024-01-16,2024-01-01,2795929.13,EUR,Dividend,,2024,0.0,2795929.13,21807667.73,Paid,2024-01-16,1.0,2024-01-16,INTERNAL,2024-01-16,2024-01-16
ADMIN-DIST-012,ADMIN-FUND-001,ADMIN-INV-015,6,2017-06-24,2017-06-09,7157155.09,EUR,Capital Gain,,2017,0.0,7157155.09,28964822.82,Paid,2017-06-24,1.0,2017-06-24,INTERNAL,2017-06-24,2017-06-24
ADMIN-DIST-013,ADMIN-FUND-001,ADMIN-INV-015,7,2016-09-18,2016-09-03,295626.12,EUR,Return of Capital,,2016,0.0,295626.12,29260448.94,Paid,2016-09-18,1.0,2016-09-18,INTERNAL,2016-09-18,2016-09-18
ADMIN-DIST-014,ADMIN-FUND-001,ADMIN-INV-018,1,2022-02-23,2022-02-08,920517.02,EUR,Return of Capital,,2022,0.0,920517.02,920517.02,Paid,2022-02-23,1.0,2022-02-23,INTERNAL,2022-02-23,2022-02-23
ADMIN-DIST-015,ADMIN-FUND-001,ADMIN-INV-018,2,2018-04-28,2018-04-13,186412.67,EUR,Capital Gain,,2018,0.0,186412.67,1106929.69,Paid,2018-04-28,1.0,2018-04-28,INTERNAL,2018-04-28,2018-04-28
ADMIN-DIST-016,ADMIN-FUND-001,ADMIN-INV-018,3,2017-10-13,2017-09-28,1073198.65,EUR,Return of Capital,,2017,0.0,1073198.65,2180128.34,Paid,2017-10-13,1.0,2017-10-13,INTERNAL,2017-10-13,2017-10-13
ADMIN-DIST-017,ADMIN-FUND-001,ADMIN-INV-018,4,2024-07-21,2024-07-06,166516.38,EUR,Capital Gain,,2024,0.0,166516.38,2346644.72,Paid,2024-07-21,1.0,2024-07-21,INTERNAL,2024-07-21,2024-07-21
ADMIN-DIST-018,ADMIN-FUND-001,ADMIN-INV-018,5,2018-07-20,2018-07-05,1115512.1,EUR,Return of Capital,,2018,0.0,1115512.1,3462156.82,Paid,2018-07-20,1.0,2018-07-20,INTERNAL,2018-07-20,2018-07-20
ADMIN-DIST-019,ADMIN-FUND-001,ADMIN-INV-018,6,2016-08-19,2016-08-04,2115877.85,EUR,Dividend,,2016,0.0,2115877.85,5578034.67,Paid,2016-08-19,1.0,2016-08-19,INTERNAL,2016-08-19,2016-08-19
ADMIN-DIST-020,ADMIN-FUND-001,ADMIN-INV-018,7,2023-08-31,2023-08-16,1860968.74,EUR,Dividend,,2023,0.0,1860968.74,7439003.41,Paid,2023-08-31,1.0,2023-08-31,INTERNAL,2023-08-31,2023-08-31
ADMIN-DIST-021,ADMIN-FUND-001,ADMIN-INV-014,1,2020-05-06,2020-04-21,2575248.19,EUR,Dividend,,2020,0.0,2575248.19,2575248.19,Paid,2020-05-06,1.0,2020-05-06,INTERNAL,2020-05-06,2020-05-06
ADMIN-DIST-022,ADMIN-FUND-001,ADMIN-INV-014,2,2023-07-08,2023-06-23,2587325.17,EUR,Capital Gain,,2023,0.0,2587325.17,5162573.36,Paid,2023-07-08,1.0,2023-07-08,INTERNAL,2023-07-08,2023-07-08
ADMIN-DIST-023,ADMIN-FUND-001,ADMIN-INV-014,3,2016-03-19,2016-03-04,373215.91,EUR,Dividend,,2016,0.0,373215.91,5535789.27,Paid,2016-03-19,1.0,2016-03-19,INTERNAL,2016-03-19,2016-03-19
ADMIN-DIST-024,ADMIN-FUND-001,ADMIN-INV-014,4,2024-08-01,2024-07-17,866016.51,EUR,Capital Gain,,2024,0.0,866016.51,6401805.78,Paid,2024-08-01,1.0,2024-08-01,INTERNAL,2024-08-01,2024-08-01
ADMIN-DIST-025,ADMIN-FUND-001,ADMIN-INV-023,1,2023-01-14,2022-12-30,11045680.13,EUR,Dividend,,2023,0.0,11045680.13,11045680.13,Paid,2023-01-14,1.0,2023-01-14,INTERNAL,2023-01-14,2023-01-14
ADMIN-DIST-026,ADMIN-FUND-001,ADMIN-INV-023,2,2022-12-25,2022-12-10,4234259.35,EUR,Capital Gain,,2022,0.0,4234259.35,15279939.48,Paid,2022-12-25,1.0,2022-12-25,INTERNAL,2022-12-25,2022-12-25
ADMIN-DIST-027,ADMIN-FUND-001,ADMIN-INV-023,3,2018-12-24,2018-12-09,204403.14,EUR,Dividend,,2018,0.0,204403.14,15484342.62,Paid,2018-12-24,1.0,2018-12-24,INTERNAL,2018-12-24,2018-12-24
ADMIN-DIST-028,ADMIN-FUND-001,ADMIN-INV-001,1,2024-04-30,2024-04-15,402609.51,EUR,Return of Capital,,2024,0.0,402609.51,402609.51,Paid,2024-04-30,1.0,2024-04-30,INTERNAL,2024-04-30,2024-04-30
ADMIN-DIST-029,ADMIN-FUND-001,ADMIN-INV-001,2,2018-03-30,2018-03-15,8429663.18,EUR,Dividend,,2018,0.0,8429663.18,8832272.69,Paid,2018-03-30,1.0,2018-03-30,INTERNAL,2018-03-30,2018-03-30
ADMIN-DIST-030,ADMIN-FUND-001,ADMIN-INV-001,3,2024-04-01,2024-03-17,9100841.51,EUR,Dividend,,2024,0.0,9100841.51,17933114.2,Paid,2024-04-01,1.0,2024-04-01,INTERNAL,2024-04-01,2024-04-01
ADMIN-DIST-031,ADMIN-FUND-001,ADMIN-INV-001,4,2019-05-08,2019-04-23,7150438.36,EUR,Dividend,,2019,0.0,7150438.36,25083552.56,Paid,2019-05-08,1.0,2019-05-08,INTERNAL,2019-05-08,2019-05-08
ADMIN-DIST-032,ADMIN-FUND-001,ADMIN-INV-001,5,2023-07-24,2023-07-09,5667913.75,EUR,Return of Capital,,2023,0.0,5667913.75,30751466.31,Paid,2023-07-24,1.0,2023-07-24,INTERNAL,2023-07-24,2023-07-24
ADMIN-DIST-033,ADMIN-FUND-001,ADMIN-INV-001,6,2022-08-26,2022-08-11,2582291.72,EUR,Capital Gain,,2022,0.0,2582291.72,33333758.03,Paid,2022-08-26,1.0,2022-08-26,INTERNAL,2022-08-26,2022-08-26
ADMIN-DIST-034,ADMIN-FUND-001,ADMIN-INV-001,7,2020-01-18,2020-01-03,582033.84,EUR,Capital Gain,,2020,0.0,582033.84,33915791.87,Paid,2020-01-18,1.0,2020-01-18,INTERNAL,2020-01-18,2020-01-18
ADMIN-DIST-035,ADMIN-FUND-001,ADMIN-INV-001,8,2016-08-10,2016-07-26,11241581.44,EUR,Dividend,,2016,0.0,11241581.44,45157373.31,Paid,2016-08-10,1.0,2016-08-10,INTERNAL,2016-08-10,2016-08-10
ADMIN-DIST-036,ADMIN-FUND-001,ADMIN-INV-004,1,2017-11-07,2017-10-23,2388386.67,EUR,Capital Gain,,2017,0.0,2388386.67,2388386.67,Paid,2017-11-07,1.0,2017-11-07,INTERNAL,2017-11-07,2017-11-07
ADMIN-DIST-037,ADMIN-FUND-001,ADMIN-INV-004,2,2021-05-20,2021-05-05,10958483.91,EUR,Dividend,,2021,0.0,10958483.91,13346870.58,Paid,2021-05-20,1.0,2021-05-20,INTERNAL,2021-05-20,2021-05-20
ADMIN-DIST-038,ADMIN-FUND-001,ADMIN-INV-004,3,2022-09-10,2022-08-26,4497443.09,EUR,Capital Gain,,2022,0.0,4497443.09,17844313.67,Paid,2022-09-10,1.0,2022-09-10,INTERNAL,2022-09-10,2022-09-10
ADMIN-DIST-039,ADMIN-FUND-001,ADMIN-INV-004,4,2024-11-30,2024-11-15,3788946.69,EUR,Dividend,,2024,0.0,3788946.69,21633260.36,Paid,2024-11-30,1.0,2024-11-30,INTERNAL,2024-11-30,2024-11-30
ADMIN-DIST-040,ADMIN-FUND-001,ADMIN-INV-004,5,2018-10-14,2018-09-29,11391760.77,EUR,Return of Capital,,2018,0.0,11391760.77,33025021.13,Paid,2018-10-14,1.0,2018-10-14,INTERNAL,2018-10-14,2018-10-14
ADMIN-DIST-041,ADMIN-FUND-001,ADMIN-INV-004,6,2022-11-29,2022-11-14,6965559.95,EUR,Return of Capital,,2022,0.0,6965559.95,39990581.08,Paid,2022-11-29,1.0,2022-11-29,INTERNAL,2022-11-29,2022-11-29
ADMIN-DIST-042,ADMIN-FUND-001,ADMIN-INV-003,1,2016-11-07,2016-10-23,5749324.57,EUR,Capital Gain,,2016,0.0,5749324.57,5749324.57,Paid,2016-11-07,1.0,2016-11-07,INTERNAL,2016-11-07,2016-11-07
ADMIN-DIST-043,ADMIN-FUND-001,ADMIN-INV-003,2,2020-09-06,2020-08-22,8563384.69,EUR,Dividend,,2020,0.0,8563384.69,14312709.26,Paid,2020-09-06,1.0,2020-09-06,INTERNAL,2020-09-06,2020-09-06
ADMIN-DIST-044,ADMIN-FUND-001,ADMIN-INV-003,3,2016-04-01,2016-03-17,2404020.38,EUR,Capital Gain,,2016,0.0,2404020.38,16716729.64,Paid,2016-04-01,1.0,2016-04-01,INTERNAL,2016-04-01,2016-04-01
ADMIN-DIST-045,ADMIN-FUND-001,ADMIN-INV-003,4,2024-08-21,2024-08-06,806999.33,EUR,Return of Capital,,2024,0.0,806999.33,17523728.97,Paid,2024-08-21,1.0,2024-08-21,INTERNAL,2024-08-21,2024-08-21
ADMIN-DIST-046,ADMIN-FUND-001,ADMIN-INV-003,5,2017-05-06,2017-04-21,3245441.48,EUR,Capital Gain,,2017,0.0,3245441.48,20769170.45,Paid,2017-05-06,1.0,2017-05-06,INTERNAL,2017-05-06,2017-05-06
ADMIN-DIST-047,ADMIN-FUND-001,ADMIN-INV-003,6,2017-08-03,2017-07-19,2875792.6,EUR,Capital Gain,,2017,0.0,2875792.6,23644963.05,Paid,2017-08-03,1.0,2017-08-03,INTERNAL,2017-08-03,2017-08-03
ADMIN-DIST-048,ADMIN-FUND-001,ADMIN-INV-003,7,2021-02-14,2021-01-30,6378561.42,EUR,Return of Capital,,2021,0.0,6378561.42,30023524.47,Paid,2021-02-14,1.0,2021-02-14,INTERNAL,2021-02-14,2021-02-14
ADMIN-DIST-049,ADMIN-FUND-001,ADMIN-INV-003,8,2017-05-07,2017-04-22,13211034.06,EUR,Dividend,,2017,0.0,13211034.06,43234558.53,Paid,2017-05-07,1.0,2017-05-07,INTERNAL,2017-05-07,2017-05-07
ADMIN-DIST-050,ADMIN-FUND-001,ADMIN-INV-005,1,2016-09-23,2016-09-08,9040357.41,EUR,Capital Gain,,2016,0.0,9040357.41,9040357.41,Paid,2016-09-23,1.0,2016-09-23,INTERNAL,2016-09-23,2016-09-23
ADMIN-DIST-051,ADMIN-FUND-001,ADMIN-INV-005,2,2023-08-09,2023-07-25,6026029.94,EUR,Capital Gain,,2023,0.0,6026029.94,15066387.35,Paid,2023-08-09,1.0,2023-08-09,INTERNAL,2023-08-09,2023-08-09
ADMIN-DIST-052,ADMIN-FUND-001,ADMIN-INV-005,3,2016-05-02,2016-04-17,5793915.74,EUR,Return of Capital,,2016,0.0,5793915.74,20860303.09,Paid,2016-05-02,1.0,2016-05-02,INTERNAL,2016-05-02,2016-05-02
ADMIN-DIST-053,ADMIN-FUND-001,ADMIN-INV-005,4,2021-07-30,2021-07-15,2806994.44,EUR,Capital Gain,,2021,0.0,2806994.44,23667297.53,Paid,2021-07-30,1.0,2021-07-30,INTERNAL,2021-07-30,2021-07-30
ADMIN-DIST-054,ADMIN-FUND-001,ADMIN-INV-005,5,2021-03-22,2021-03-07,7305491.86,EUR,Capital Gain,,2021,0.0,7305491.86,30972789.39,Paid,2021-03-22,1.0,2021-03-22,INTERNAL,2021-03-22,2021-03-22
ADMIN-DIST-055,ADMIN-FUND-001,ADMIN-INV-005,6,2017-12-17,2017-12-02,4986119.06,EUR,Return of Capital,,2017,0.0,4986119.06,35958908.45,Paid,2017-12-17,1.0,2017-12-17,INTERNAL,2017-12-17,2017-12-17
ADMIN-DIST-056,ADMIN-FUND-001,ADMIN-INV-005,7,2022-06-20,2022-06-05,7602307.89,EUR,Return of Capital,,2022,0.0,7602307.89,43561216.34,Paid,2022-06-20,1.0,2022-06-20,INTERNAL,2022-06-20,2022-06-20
ADMIN-DIST-057,ADMIN-FUND-001,ADMIN-INV-005,8,2023-05-13,2023-04-28,1593301.18,EUR,Return of Capital,,2023,0.0,1593301.18,45154517.52,Paid,2023-05-13,1.0,2023-05-13,INTERNAL,2023-05-13,2023-05-13
ADMIN-DIST-058,ADMIN-FUND-001,ADMIN-INV-002,1,2020-02-13,2020-01-29,1517478.54,EUR,Capital Gain,,2020,0.0,1517478.54,1517478.54,Paid,2020-02-13,1.0,2020-02-13,INTERNAL,2020-02-13,2020-02-13
ADMIN-DIST-059,ADMIN-FUND-001,ADMIN-INV-002,2,2021-04-19,2021-04-04,1908431.13,EUR,Dividend,,2021,0.0,1908431.13,3425909.67,Paid,2021-04-19,1.0,2021-04-19,INTERNAL,2021-04-19,2021-04-19
ADMIN-DIST-060,ADMIN-FUND-001,ADMIN-INV-002,3,2017-11-02,2017-10-18,2150103.01,EUR,Capital Gain,,2017,0.0,2150103.01,5576012.68,Paid,2017-11-02,1.0,2017-11-02,INTERNAL,2017-11-02,2017-11-02
ADMIN-DIST-061,ADMIN-FUND-001,ADMIN-INV-002,4,2023-05-21,2023-05-06,1942699.67,EUR,Capital Gain,,2023,0.0,1942699.67,7518712.35,Paid,2023-05-21,1.0,2023-05-21,INTERNAL,2023-05-21,2023-05-21
ADMIN-DIST-062,ADMIN-FUND-001,ADMIN-INV-002,5,2024-02-22,2024-02-07,2015884.27,EUR,Dividend,,2024,0.0,2015884.27,9534596.62,Paid,2024-02-22,1.0,2024-02-22,INTERNAL,2024-02-22,2024-02-22
ADMIN-DIST-063,ADMIN-FUND-001,ADMIN-INV-002,6,2022-01-23,2022-01-08,777865.5,EUR,Return of Capital,,2022,0.0,777865.5,10312462.12,Paid,2022-01-23,1.0,2022-01-23,INTERNAL,2022-01-23,2022-01-23
ADMIN-DIST-064,ADMIN-FUND-001,ADMIN-INV-002,7,2019-08-06,2019-07-22,240040.66,EUR,Dividend,,2019,0.0,240040.66,10552502.78,Paid,2019-08-06,1.0,2019-08-06,INTERNAL,2019-08-06,2019-08-06
ADMIN-DIST-065,ADMIN-FUND-002,ADMIN-INV-022,1,2022-11-07,2022-10-23,2839017.8,USD,Dividend,,2022,0.0,2839017.8,2839017.8,Paid,2022-11-07,1.0,2022-11-07,INTERNAL,2022-11-07,2022-11-07
ADMIN-DIST-066,ADMIN-FUND-002,ADMIN-INV-022,2,2020-08-17,2020-08-02,1981665.82,USD,Dividend,,2020,0.0,1981665.82,4820683.62,Paid,2020-08-17,1.0,2020-08-17,INTERNAL,2020-08-17,2020-08-17
ADMIN-DIST-067,ADMIN-FUND-002,ADMIN-INV-022,3,2022-10-31,2022-10-16,1383923.53,USD,Dividend,,2022,0.0,1383923.53,6204607.15,Paid,2022-10-31,1.0,2022-10-31,INTERNAL,2022-10-31,2022-10-31
ADMIN-DIST-068,ADMIN-FUND-002,ADMIN-INV-022,4,2020-10-15,2020-09-30,1655456.15,USD,Dividend,,2020,0.0,1655456.15,7860063.3,Paid,2020-10-15,1.0,2020-10-15,INTERNAL,2020-10-15,2020-10-15
ADMIN-DIST-069,ADMIN-FUND-002,ADMIN-INV-022,5,2020-07-25,2020-07-10,2088732.46,USD,Return of Capital,,2020,0.0,2088732.46,9948795.76,Paid,2020-07-25,1.0,2020-07-25,INTERNAL,2020-07-25,2020-07-25
ADMIN-DIST-070,ADMIN-FUND-002,ADMIN-INV-022,6,2023-06-12,2023-05-28,2731629.9,USD,Return of Capital,,2023,0.0,2731629.9,12680425.66,Paid,2023-06-12,1.0,2023-06-12,INTERNAL,2023-06-12,2023-06-12
ADMIN-DIST-071,ADMIN-FUND-002,ADMIN-INV-004,1,2020-03-11,2020-02-25,911296.76,USD,Return of Capital,,2020,0.0,911296.76,911296.76,Paid,2020-03-11,1.0,2020-03-11,INTERNAL,2020-03-11,2020-03-11
ADMIN-DIST-072,ADMIN-FUND-002,ADMIN-INV-004,2,2024-02-02,2024-01-18,656259.97,USD,Return of Capital,,2024,0.0,656259.97,1567556.73,Paid,2024-02-02,1.0,2024-02-02,INTERNAL,2024-02-02,2024-02-02
ADMIN-DIST-073,ADMIN-FUND-002,ADMIN-INV-004,3,2021-02-10,2021-01-26,1091480.88,USD,Dividend,,2021,0.0,1091480.88,2659037.61,Paid,2021-02-10,1.0,2021-02-10,INTERNAL,2021-02-10,2021-02-10
ADMIN-DIST-074,ADMIN-FUND-002,ADMIN-INV-004,4,2019-01-03,2018-12-19,652669.63,USD,Dividend,,2019,0.0,652669.63,3311707.24,Paid,2019-01-03,1.0,2019-01-03,INTERNAL,2019-01-03,2019-01-03
ADMIN-DIST-075,ADMIN-FUND-002,ADMIN-INV-004,5,2020-03-17,2020-03-02,958766.09,USD,Capital Gain,,2020,0.0,958766.09,4270473.33,Paid,2020-03-17,1.0,2020-03-17,INTERNAL,2020-03-17,2020-03-17
ADMIN-DIST-076,ADMIN-FUND-002,ADMIN-INV-004,6,2020-08-14,2020-07-30,1245899.2,USD,Return of Capital,,2020,0.0,1245899.2,5516372.53,Paid,2020-08-14,1.0,2020-08-14,INTERNAL,2020-08-14,2020-08-14
ADMIN-DIST-077,ADMIN-FUND-002,ADMIN-INV-012,1,2019-10-20,2019-10-05,5690469.35,USD,Return of Capital,,2019,0.0,5690469.35,5690469.35,Paid,2019-10-20,1.0,2019-10-20,INTERNAL,2019-10-20,2019-10-20
ADMIN-DIST-078,ADMIN-FUND-002,ADMIN-INV-012,2,2021-11-04,2021-10-20,22742834.93,USD,Capital Gain,,2021,0.0,22742834.93,28433304.28,Paid,2021-11-04,1.0,2021-11-04,INTERNAL,2021-11-04,2021-11-04
ADMIN-DIST-079,ADMIN-FUND-002,ADMIN-INV-018,1,2024-07-05,2024-06-20,2123766.43,USD,Return of Capital,,2024,0.0,2123766.43,2123766.43,Paid,2024-07-05,1.0,2024-07-05,INTERNAL,2024-07-05,2024-07-05
ADMIN-DIST-080,ADMIN-FUND-002,ADMIN-INV-018,2,2024-08-09,2024-07-25,4365994.7,USD,Capital Gain,,2024,0.0,4365994.7,6489761.13,Paid,2024-08-09,1.0,2024-08-09,INTERNAL,2024-08-09,2024-08-09
ADMIN-DIST-081,ADMIN-FUND-002,ADMIN-INV-018,3,2022-12-10,2022-11-25,6008035.98,USD,Return of Capital,,2022,0.0,6008035.98,12497797.11,Paid,2022-12-10,1.0,2022-12-10,INTERNAL,2022-12-10,2022-12-10
ADMIN-DIST-082,ADMIN-FUND-002,ADMIN-INV-018,4,2021-11-13,2021-10-29,4874557.41,USD,Dividend,,2021,0.0,4874557.41,17372354.52,Paid,2021-11-13,1.0,2021-11-13,INTERNAL,2021-11-13,2021-11-13
ADMIN-DIST-083,ADMIN-FUND-002,ADMIN-INV-018,5,2024-04-23,2024-04-08,6263892.25,USD,Capital Gain,,2024,0.0,6263892.25,23636246.77,Paid,2024-04-23,1.0,2024-04-23,INTERNAL,2024-04-23,2024-04-23
ADMIN-DIST-084,ADMIN-FUND-002,ADMIN-INV-018,6,2025-01-16,2025-01-01,426640.22,USD,Return of Capital,,2025,0.0,426640.22,24062886.99,Paid,2025-01-16,1.0,2025-01-16,INTERNAL,2025-01-16,2025-01-16
ADMIN-DIST-085,ADMIN-FUND-002,ADMIN-INV-014,1,2020-01-21,2020-01-06,2887732.6,USD,Capital Gain,,2020,0.0,2887732.6,2887732.6,Paid,2020-01-21,1.0,2020-01-21,INTERNAL,2020-01-21,2020-01-21
ADMIN-DIST-086,ADMIN-FUND-002,ADMIN-INV-014,2,2023-04-05,2023-03-21,9774816.47,USD,Dividend,,2023,0.0,9774816.47,12662549.07,Paid,2023-04-05,1.0,2023-04-05,INTERNAL,2023-04-05,2023-04-05
ADMIN-DIST-087,ADMIN-FUND-002,ADMIN-INV-020,1,2024-09-04,2024-08-20,9427592.36,USD,Capital Gain,,2024,0.0,9427592.36,9427592.36,Paid,2024-09-04,1.0,2024-09-04,INTERNAL,2024-09-04,2024-09-04
ADMIN-DIST-088,ADMIN-FUND-002,ADMIN-INV-020,2,2019-10-11,2019-09-26,10727335.75,USD,Dividend,,2019,0.0,10727335.75,20154928.11,Paid,2019-10-11,1.0,2019-10-11,INTERNAL,2019-10-11,2019-10-11
ADMIN-DIST-089,ADMIN-FUND-002,ADMIN-INV-020,3,2021-01-12,2020-12-28,448571.09,USD,Capital Gain,,2021,0.0,448571.09,20603499.2,Paid,2021-01-12,1.0,2021-01-12,INTERNAL,2021-01-12,2021-01-12
ADMIN-DIST-090,ADMIN-FUND-002,ADMIN-INV-005,1,2019-11-11,2019-10-27,7398889.43,USD,Return of Capital,,2019,0.0,7398889.43,7398889.43,Paid,2019-11-11,1.0,2019-11-11,INTERNAL,2019-11-11,2019-11-11
ADMIN-DIST-091,ADMIN-FUND-002,ADMIN-INV-005,2,2024-05-28,2024-05-13,345142.15,USD,Capital Gain,,2024,0.0,345142.15,7744031.58,Paid,2024-05-28,1.0,2024-05-28,INTERNAL,2024-05-28,2024-05-28
ADMIN-DIST-092,ADMIN-FUND-002,ADMIN-INV-005,3,2021-10-17,2021-10-02,5210704.25,USD,Return of Capital,,2021,0.0,5210704.25,12954735.83,Paid,2021-10-17,1.0,2021-10-17,INTERNAL,2021-10-17,2021-10-17
ADMIN-DIST-093,ADMIN-FUND-002,ADMIN-INV-005,4,2023-05-06,2023-04-21,3699046.59,USD,Dividend,,2023,0.0,3699046.59,16653782.42,Paid,2023-05-06,1.0,2023-05-06,INTERNAL,2023-05-06,2023-05-06
ADMIN-DIST-094,ADMIN-FUND-002,ADMIN-INV-005,5,2020-12-24,2020-12-09,5953466.78,USD,Capital Gain,,2020,0.0,5953466.78,22607249.2,Paid,2020-12-24,1.0,2020-12-24,INTERNAL,2020-12-24,2020-12-24
ADMIN-DIST-095,ADMIN-FUND-002,ADMIN-INV-008,1,2025-10-14,2025-09-29,3219174.57,USD,Dividend,,2025,0.0,3219174.57,3219174.57,Paid,2025-10-14,1.0,2025-10-14,INTERNAL,2025-10-14,2025-10-14
ADMIN-DIST-096,ADMIN-FUND-002,ADMIN-INV-008,2,2019-04-07,2019-03-23,4413396.17,USD,Capital Gain,,2019,0.0,4413396.17,7632570.74,Paid,2019-04-07,1.0,2019-04-07,INTERNAL,2019-04-07,2019-04-07
ADMIN-DIST-097,ADMIN-FUND-002,ADMIN-INV-006,1,2020-07-17,2020-07-02,112179.57,USD,Return of Capital,,2020,0.0,112179.57,112179.57,Paid,2020-07-17,1.0,2020-07-17,INTERNAL,2020-07-17,2020-07-17
ADMIN-DIST-098,ADMIN-FUND-002,ADMIN-INV-006,2,2019-04-09,2019-03-25,146206.89,USD,Return of Capital,,2019,0.0,146206.89,258386.46,Paid,2019-04-09,1.0,2019-04-09,INTERNAL,2019-04-09,2019-04-09
ADMIN-DIST-099,ADMIN-FUND-002,ADMIN-INV-006,3,2019-12-20,2019-12-05,1471037.22,USD,Dividend,,2019,0.0,1471037.22,1729423.68,Paid,2019-12-20,1.0,2019-12-20,INTERNAL,2019-12-20,2019-12-20
ADMIN-DIST-100,ADMIN-FUND-002,ADMIN-INV-006,4,2021-02-04,2021-01-20,1113947.35,USD,Dividend,,2021,0.0,1113947.35,2843371.03,Paid,2021-02-04,1.0,2021-02-04,INTERNAL,2021-02-04,2021-02-04
ADMIN-DIST-101,ADMIN-FUND-002,ADMIN-INV-006,5,2021-03-15,2021-02-28,795405.44,USD,Capital Gain,,2021,0.0,795405.44,3638776.47,Paid,2021-03-15,1.0,2021-03-15,INTERNAL,2021-03-15,2021-03-15
ADMIN-DIST-102,ADMIN-FUND-002,ADMIN-INV-006,6,2025-02-14,2025-01-30,849850.83,USD,Capital Gain,,2025,0.0,849850.83,4488627.3,Paid,2025-02-14,1.0,2025-02-14,INTERNAL,2025-02-14,2025-02-14
ADMIN-DIST-103,ADMIN-FUND-002,ADMIN-INV-006,7,2025-04-01,2025-03-17,407622.47,USD,Capital Gain,,2025,0.0,407622.47,4896249.77,Paid,2025-04-01,1.0,2025-04-01,INTERNAL,2025-04-01,2025-04-01
ADMIN-DIST-104,ADMIN-FUND-002,ADMIN-INV-017,1,2019-02-19,2019-02-04,21568339.78,USD,Return of Capital,,2019,0.0,21568339.78,21568339.78,Paid,2019-02-19,1.0,2019-02-19,INTERNAL,2019-02-19,2019-02-19
ADMIN-DIST-105,ADMIN-FUND-002,ADMIN-INV-015,1,2020-08-18,2020-08-03,626495.65,USD,Return of Capital,,2020,0.0,626495.65,626495.65,Paid,2020-08-18,1.0,2020-08-18,INTERNAL,2020-08-18,2020-08-18
ADMIN-DIST-106,ADMIN-FUND-002,ADMIN-INV-015,2,2024-05-10,2024-04-25,504473.44,USD,Dividend,,2024,0.0,504473.44,1130969.09,Paid,2024-05-10,1.0,2024-05-10,INTERNAL,2024-05-10,2024-05-10
ADMIN-DIST-107,ADMIN-FUND-002,ADMIN-INV-015,3,2019-10-25,2019-10-10,1618104.11,USD,Dividend,,2019,0.0,1618104.11,2749073.2,Paid,2019-10-25,1.0,2019-10-25,INTERNAL,2019-10-25,2019-10-25
ADMIN-DIST-108,ADMIN-FUND-002,ADMIN-INV-015,4,2020-11-05,2020-10-21,1834610.82,USD,Return of Capital,,2020,0.0,1834610.82,4583684.02,Paid,2020-11-05,1.0,2020-11-05,INTERNAL,2020-11-05,2020-11-05
ADMIN-DIST-109,ADMIN-FUND-002,ADMIN-INV-015,5,2023-08-21,2023-08-06,2512427.82,USD,Dividend,,2023,0.0,2512427.82,7096111.84,Paid,2023-08-21,1.0,2023-08-21,INTERNAL,2023-08-21,2023-08-21
ADMIN-DIST-110,ADMIN-FUND-002,ADMIN-INV-015,6,2023-01-21,2023-01-06,207498.78,USD,Return of Capital,,2023,0.0,207498.78,7303610.62,Paid,2023-01-21,1.0,2023-01-21,INTERNAL,2023-01-21,2023-01-21
ADMIN-DIST-111,ADMIN-FUND-002,ADMIN-INV-015,7,2021-12-11,2021-11-26,1951799.58,USD,Capital Gain,,2021,0.0,1951799.58,9255410.2,Paid,2021-12-11,1.0,2021-12-11,INTERNAL,2021-12-11,2021-12-11
ADMIN-DIST-112,ADMIN-FUND-002,ADMIN-INV-015,8,2019-09-02,2019-08-18,2509949.1,USD,Capital Gain,,2019,0.0,2509949.1,11765359.3,Paid,2019-09-02,1.0,2019-09-02,INTERNAL,2019-09-02,2019-09-02
ADMIN-DIST-113,ADMIN-FUND-003,ADMIN-INV-016,1,2023-03-05,2023-02-18,20744.01,EUR,Capital Gain,,2023,0.0,20744.01,20744.01,Paid,2023-03-05,1.0,2023-03-05,INTERNAL,2023-03-05,2023-03-05
ADMIN-DIST-114,ADMIN-FUND-003,ADMIN-INV-016,2,2023-05-16,2023-05-01,24256.44,EUR,Dividend,,2023,0.0,24256.44,45000.45,Paid,2023-05-16,1.0,2023-05-16,INTERNAL,2023-05-16,2023-05-16
ADMIN-DIST-115,ADMIN-FUND-003,ADMIN-INV-016,3,2023-06-23,2023-06-08,5050.34,EUR,Dividend,,2023,0.0,5050.34,50050.79,Paid,2023-06-23,1.0,2023-06-23,INTERNAL,2023-06-23,2023-06-23
ADMIN-DIST-116,ADMIN-FUND-003,ADMIN-INV-016,4,2023-10-26,2023-10-11,19232.88,EUR,Dividend,,2023,0.0,19232.88,69283.67,Paid,2023-10-26,1.0,2023-10-26,INTERNAL,2023-10-26,2023-10-26
ADMIN-DIST-117,ADMIN-FUND-003,ADMIN-INV-016,5,2023-03-23,2023-03-08,9235.56,EUR,Capital Gain,,2023,0.0,9235.56,78519.23,Paid,2023-03-23,1.0,2023-03-23,INTERNAL,2023-03-23,2023-03-23
ADMIN-DIST-118,ADMIN-FUND-003,ADMIN-INV-016,6,2024-07-22,2024-07-07,24823.78,EUR,Capital Gain,,2024,0.0,24823.78,103343.01,Paid,2024-07-22,1.0,2024-07-22,INTERNAL,2024-07-22,2024-07-22
ADMIN-DIST-119,ADMIN-FUND-003,ADMIN-INV-016,7,2024-07-29,2024-07-14,13895.09,EUR,Capital Gain,,2024,0.0,13895.09,117238.1,Paid,2024-07-29,1.0,2024-07-29,INTERNAL,2024-07-29,2024-07-29
ADMIN-DIST-120,ADMIN-FUND-003,ADMIN-INV-008,1,2024-12-02,2024-11-17,427673.91,EUR,Dividend,,2024,0.0,427673.91,427673.91,Paid,2024-12-02,1.0,2024-12-02,INTERNAL,2024-12-02,2024-12-02
ADMIN-DIST-121,ADMIN-FUND-003,ADMIN-INV-008,2,2025-11-22,2025-11-07,82912.28,EUR,Dividend,,2025,0.0,82912.28,510586.19,Paid,2025-11-22,1.0,2025-11-22,INTERNAL,2025-11-22,2025-11-22
ADMIN-DIST-122,ADMIN-FUND-003,ADMIN-INV-008,3,2023-05-09,2023-04-24,446215.46,EUR,Capital Gain,,2023,0.0,446215.46,956801.65,Paid,2023-05-09,1.0,2023-05-09,INTERNAL,2023-05-09,2023-05-09
ADMIN-DIST-123,ADMIN-FUND-003,ADMIN-INV-007,1,2024-01-21,2024-01-06,150053.15,EUR,Dividend,,2024,0.0,150053.15,150053.15,Paid,2024-01-21,1.0,2024-01-21,INTERNAL,2024-01-21,2024-01-21
ADMIN-DIST-124,ADMIN-FUND-003,ADMIN-INV-007,2,2023-10-13,2023-09-28,262019.72,EUR,Dividend,,2023,0.0,262019.72,412072.87,Paid,2023-10-13,1.0,2023-10-13,INTERNAL,2023-10-13,2023-10-13
ADMIN-DIST-125,ADMIN-FUND-003,ADMIN-INV-007,3,2024-08-27,2024-08-12,528813.02,EUR,Return of Capital,,2024,0.0,528813.02,940885.89,Paid,2024-08-27,1.0,2024-08-27,INTERNAL,2024-08-27,2024-08-27
ADMIN-DIST-126,ADMIN-FUND-003,ADMIN-INV-007,4,2025-01-10,2024-12-26,217846.63,EUR,Dividend,,2025,0.0,217846.63,1158732.52,Paid,2025-01-10,1.0,2025-01-10,INTERNAL,2025-01-10,2025-01-10
ADMIN-DIST-127,ADMIN-FUND-003,ADMIN-INV-007,5,2024-10-19,2024-10-04,467539.54,EUR,Return of Capital,,2024,0.0,467539.54,1626272.06,Paid,2024-10-19,1.0,2024-10-19,INTERNAL,2024-10-19,2024-10-19
ADMIN-DIST-128,ADMIN-FUND-003,ADMIN-INV-015,1,2023-09-12,2023-08-28,453181.5,EUR,Capital Gain,,2023,0.0,453181.5,453181.5,Paid,2023-09-12,1.0,2023-09-12,INTERNAL,2023-09-12,2023-09-12
ADMIN-DIST-129,ADMIN-FUND-003,ADMIN-INV-015,2,2025-03-16,2025-03-01,473280.62,EUR,Return of Capital,,2025,0.0,473280.62,926462.12,Paid,2025-03-16,1.0,2025-03-16,INTERNAL,2025-03-16,2025-03-16
ADMIN-DIST-130,ADMIN-FUND-003,ADMIN-INV-015,3,2023-05-17,2023-05-02,866536.31,EUR,Return of Capital,,2023,0.0,866536.31,1792998.43,Paid,2023-05-17,1.0,2023-05-17,INTERNAL,2023-05-17,2023-05-17
ADMIN-DIST-131,ADMIN-FUND-003,ADMIN-INV-015,4,2024-06-05,2024-05-21,1126896.04,EUR,Capital Gain,,2024,0.0,1126896.04,2919894.47,Paid,2024-06-05,1.0,2024-06-05,INTERNAL,2024-06-05,2024-06-05
ADMIN-DIST-132,ADMIN-FUND-003,ADMIN-INV-015,5,2025-07-20,2025-07-05,554791.94,EUR,Dividend,,2025,0.0,554791.94,3474686.41,Paid,2025-07-20,1.0,2025-07-20,INTERNAL,2025-07-20,2025-07-20
ADMIN-DIST-133,ADMIN-FUND-003,ADMIN-INV-015,6,2024-07-21,2024-07-06,412577.27,EUR,Dividend,,2024,0.0,412577.27,3887263.68,Paid,2024-07-21,1.0,2024-07-21,INTERNAL,2024-07-21,2024-07-21
ADMIN-DIST-134,ADMIN-FUND-003,ADMIN-INV-015,7,2025-05-11,2025-04-26,307833.08,EUR,Return of Capital,,2025,0.0,307833.08,4195096.76,Paid,2025-05-11,1.0,2025-05-11,INTERNAL,2025-05-11,2025-05-11
ADMIN-DIST-135,ADMIN-FUND-003,ADMIN-INV-015,8,2024-06-28,2024-06-13,87071.89,EUR,Return of Capital,,2024,0.0,87071.89,4282168.65,Paid,2024-06-28,1.0,2024-06-28,INTERNAL,2024-06-28,2024-06-28
ADMIN-DIST-136,ADMIN-FUND-003,ADMIN-INV-012,1,2024-07-03,2024-06-18,1608745.96,EUR,Return of Capital,,2024,0.0,1608745.96,1608745.96,Paid,2024-07-03,1.0,2024-07-03,INTERNAL,2024-07-03,2024-07-03
ADMIN-DIST-137,ADMIN-FUND-003,ADMIN-INV-012,2,2023-07-16,2023-07-01,3181406.31,EUR,Dividend,,2023,0.0,3181406.31,4790152.27,Paid,2023-07-16,1.0,2023-07-16,INTERNAL,2023-07-16,2023-07-16
ADMIN-DIST-138,ADMIN-FUND-003,ADMIN-INV-010,1,2024-03-26,2024-03-11,603842.62,EUR,Return of Capital,,2024,0.0,603842.62,603842.62,Paid,2024-03-26,1.0,2024-03-26,INTERNAL,2024-03-26,2024-03-26
ADMIN-DIST-139,ADMIN-FUND-003,ADMIN-INV-010,2,2025-02-23,2025-02-08,230090.07,EUR,Return of Capital,,2025,0.0,230090.07,833932.69,Paid,2025-02-23,1.0,2025-02-23,INTERNAL,2025-02-23,2025-02-23
ADMIN-DIST-140,ADMIN-FUND-003,ADMIN-INV-010,3,2023-02-05,2023-01-21,153823.8,EUR,Return of Capital,,2023,0.0,153823.8,987756.49,Paid,2023-02-05,1.0,2023-02-05,INTERNAL,2023-02-05,2023-02-05
ADMIN-DIST-141,ADMIN-FUND-003,ADMIN-INV-010,4,2023-07-06,2023-06-21,14938.43,EUR,Dividend,,2023,0.0,14938.43,1002694.92,Paid,2023-07-06,1.0,2023-07-06,INTERNAL,2023-07-06,2023-07-06
ADMIN-DIST-142,ADMIN-FUND-003,ADMIN-INV-010,5,2024-07-06,2024-06-21,380143.31,EUR,Capital Gain,,2024,0.0,380143.31,1382838.23,Paid,2024-07-06,1.0,2024-07-06,INTERNAL,2024-07-06,2024-07-06
ADMIN-DIST-143,ADMIN-FUND-003,ADMIN-INV-024,1,2024-09-23,2024-09-08,2429659.71,EUR,Capital Gain,,2024,0.0,2429659.71,2429659.71,Paid,2024-09-23,1.0,2024-09-23,INTERNAL,2024-09-23,2024-09-23
ADMIN-DIST-144,ADMIN-FUND-003,ADMIN-INV-024,2,2025-03-02,2025-02-15,739973.59,EUR,Capital Gain,,2025,0.0,739973.59,3169633.3,Paid,2025-03-02,1.0,2025-03-02,INTERNAL,2025-03-02,2025-03-02
ADMIN-DIST-145,ADMIN-FUND-003,ADMIN-INV-024,3,2024-03-13,2024-02-27,8389.08,EUR,Return of Capital,,2024,0.0,8389.08,3178022.38,Paid,2024-03-13,1.0,2024-03-13,INTERNAL,2024-03-13,2024-03-13
ADMIN-DIST-146,ADMIN-FUND-003,ADMIN-INV-019,1,2025-11-22,2025-11-07,454650.45,EUR,Capital Gain,,2025,0.0,454650.45,454650.45,Paid,2025-11-22,1.0,2025-11-22,INTERNAL,2025-11-22,2025-11-22
ADMIN-DIST-147,ADMIN-FUND-003,ADMIN-INV-019,2,2024-10-21,2024-10-06,401256.66,EUR,Return of Capital,,2024,0.0,401256.66,855907.11,Paid,2024-10-21,1.0,2024-10-21,INTERNAL,2024-10-21,2024-10-21
ADMIN-DIST-148,ADMIN-FUND-003,ADMIN-INV-019,3,2025-10-19,2025-10-04,12308.04,EUR,Dividend,,2025,0.0,12308.04,868215.15,Paid,2025-10-19,1.0,2025-10-19,INTERNAL,2025-10-19,2025-10-19
ADMIN-DIST-149,ADMIN-FUND-003,ADMIN-INV-019,4,2025-03-05,2025-02-18,408933.16,EUR,Capital Gain,,2025,0.0,408933.16,1277148.31,Paid,2025-03-05,1.0,2025-03-05,INTERNAL,2025-03-05,2025-03-05
ADMIN-DIST-150,ADMIN-FUND-003,ADMIN-INV-019,5,2024-02-25,2024-02-10,109644.23,EUR,Capital Gain,,2024,0.0,109644.23,1386792.54,Paid,2024-02-25,1.0,2024-02-25,INTERNAL,2024-02-25,2024-02-25
ADMIN-DIST-151,ADMIN-FUND-003,ADMIN-INV-019,6,2023-10-23,2023-10-08,359894.34,EUR,Dividend,,2023,0.0,359894.34,1746686.88,Paid,2023-10-23,1.0,2023-10-23,INTERNAL,2023-10-23,2023-10-23
ADMIN-DIST-152,ADMIN-FUND-003,ADMIN-INV-019,7,2023-06-08,2023-05-24,233395.75,EUR,Dividend,,2023,0.0,233395.75,1980082.63,Paid,2023-06-08,1.0,2023-06-08,INTERNAL,2023-06-08,2023-06-08
ADMIN-DIST-153,ADMIN-FUND-004,ADMIN-INV-001,1,2021-01-12,2020-12-28,1363912.9,USD,Capital Gain,,2021,0.0,1363912.9,1363912.9,Paid,2021-01-12,1.0,2021-01-12,INTERNAL,2021-01-12,2021-01-12
ADMIN-DIST-154,ADMIN-FUND-004,ADMIN-INV-001,2,2017-03-25,2017-03-10,974663.59,USD,Capital Gain,,2017,0.0,974663.59,2338576.49,Paid,2017-03-25,1.0,2017-03-25,INTERNAL,2017-03-25,2017-03-25
ADMIN-DIST-155,ADMIN-FUND-004,ADMIN-INV-001,3,2021-11-23,2021-11-08,799771.51,USD,Dividend,,2021,0.0,799771.51,3138348.0,Paid,2021-11-23,1.0,2021-11-23,INTERNAL,2021-11-23,2021-11-23
ADMIN-DIST-156,ADMIN-FUND-004,ADMIN-INV-001,4,2021-12-30,2021-12-15,916431.69,USD,Capital Gain,,2021,0.0,916431.69,4054779.69,Paid,2021-12-30,1.0,2021-12-30,INTERNAL,2021-12-30,2021-12-30
ADMIN-DIST-157,ADMIN-FUND-004,ADMIN-INV-001,5,2018-01-02,2017-12-18,91852.21,USD,Capital Gain,,2018,0.0,91852.21,4146631.9,Paid,2018-01-02,1.0,2018-01-02,INTERNAL,2018-01-02,2018-01-02
ADMIN-DIST-158,ADMIN-FUND-004,ADMIN-INV-001,6,2019-11-11,2019-10-27,1012397.62,USD,Capital Gain,,2019,0.0,1012397.62,5159029.52,Paid,2019-11-11,1.0,2019-11-11,INTERNAL,2019-11-11,2019-11-11
ADMIN-DIST-159,ADMIN-FUND-004,ADMIN-INV-001,7,2019-07-26,2019-07-11,31063.67,USD,Capital Gain,,2019,0.0,31063.67,5190093.19,Paid,2019-07-26,1.0,2019-07-26,INTERNAL,2019-07-26,2019-07-26
ADMIN-DIST-160,ADMIN-FUND-004,ADMIN-INV-001,8,2021-02-10,2021-01-26,811622.93,USD,Capital Gain,,2021,0.0,811622.93,6001716.12,Paid,2021-02-10,1.0,2021-02-10,INTERNAL,2021-02-10,2021-02-10
ADMIN-DIST-161,ADMIN-FUND-004,ADMIN-INV-004,1,2017-11-21,2017-11-06,1492594.89,USD,Dividend,,2017,0.0,1492594.89,1492594.89,Paid,2017-11-21,1.0,2017-11-21,INTERNAL,2017-11-21,2017-11-21
ADMIN-DIST-162,ADMIN-FUND-004,ADMIN-INV-004,2,2019-11-12,2019-10-28,11234644.89,USD,Capital Gain,,2019,0.0,11234644.89,12727239.78,Paid,2019-11-12,1.0,2019-11-12,INTERNAL,2019-11-12,2019-11-12
ADMIN-DIST-163,ADMIN-FUND-004,ADMIN-INV-004,3,2018-09-03,2018-08-19,808935.65,USD,Capital Gain,,2018,0.0,808935.65,13536175.43,Paid,2018-09-03,1.0,2018-09-03,INTERNAL,2018-09-03,2018-09-03
ADMIN-DIST-164,ADMIN-FUND-004,ADMIN-INV-009,1,2025-04-24,2025-04-09,486785.55,USD,Return of Capital,,2025,0.0,486785.55,486785.55,Paid,2025-04-24,1.0,2025-04-24,INTERNAL,2025-04-24,2025-04-24
ADMIN-DIST-165,ADMIN-FUND-004,ADMIN-INV-009,2,2020-03-26,2020-03-11,346711.84,USD,Dividend,,2020,0.0,346711.84,833497.39,Paid,2020-03-26,1.0,2020-03-26,INTERNAL,2020-03-26,2020-03-26
ADMIN-DIST-166,ADMIN-FUND-004,ADMIN-INV-009,3,2022-04-11,2022-03-27,319723.08,USD,Capital Gain,,2022,0.0,319723.08,1153220.47,Paid,2022-04-11,1.0,2022-04-11,INTERNAL,2022-04-11,2022-04-11
ADMIN-DIST-167,ADMIN-FUND-004,ADMIN-INV-009,4,2018-11-19,2018-11-04,437253.62,USD,Return of Capital,,2018,0.0,437253.62,1590474.09,Paid,2018-11-19,1.0,2018-11-19,INTERNAL,2018-11-19,2018-11-19
ADMIN-DIST-168,ADMIN-FUND-004,ADMIN-INV-006,1,2021-02-20,2021-02-05,3539051.49,USD,Dividend,,2021,0.0,3539051.49,3539051.49,Paid,2021-02-20,1.0,2021-02-20,INTERNAL,2021-02-20,2021-02-20
ADMIN-DIST-169,ADMIN-FUND-004,ADMIN-INV-006,2,2019-01-03,2018-12-19,5163618.06,USD,Return of Capital,,2019,0.0,5163618.06,8702669.55,Paid,2019-01-03,1.0,2019-01-03,INTERNAL,2019-01-03,2019-01-03
ADMIN-DIST-170,ADMIN-FUND-004,ADMIN-INV-006,3,2022-12-26,2022-12-11,3668200.57,USD,Return of Capital,,2022,0.0,3668200.57,12370870.12,Paid,2022-12-26,1.0,2022-12-26,INTERNAL,2022-12-26,2022-12-26
ADMIN-DIST-171,ADMIN-FUND-004,ADMIN-INV-019,1,2020-02-18,2020-02-03,128688.47,USD,Capital Gain,,2020,0.0,128688.47,128688.47,Paid,2020-02-18,1.0,2020-02-18,INTERNAL,2020-02-18,2020-02-18
ADMIN-DIST-172,ADMIN-FUND-004,ADMIN-INV-019,2,2019-10-04,2019-09-19,46101.64,USD,Capital Gain,,2019,0.0,46101.64,174790.11,Paid,2019-10-04,1.0,2019-10-04,INTERNAL,2019-10-04,2019-10-04
ADMIN-DIST-173,ADMIN-FUND-004,ADMIN-INV-019,3,2018-12-19,2018-12-04,148676.37,USD,Dividend,,2018,0.0,148676.37,323466.48,Paid,2018-12-19,1.0,2018-12-19,INTERNAL,2018-12-19,2018-12-19
ADMIN-DIST-174,ADMIN-FUND-004,ADMIN-INV-019,4,2018-03-27,2018-03-12,126153.66,USD,Dividend,,2018,0.0,126153.66,449620.14,Paid,2018-03-27,1.0,2018-03-27,INTERNAL,2018-03-27,2018-03-27
ADMIN-DIST-175,ADMIN-FUND-004,ADMIN-INV-019,5,2019-10-14,2019-09-29,821712.35,USD,Return of Capital,,2019,0.0,821712.35,1271332.49,Paid,2019-10-14,1.0,2019-10-14,INTERNAL,2019-10-14,2019-10-14
ADMIN-DIST-176,ADMIN-FUND-004,ADMIN-INV-019,6,2024-03-06,2024-02-20,795575.53,USD,Dividend,,2024,0.0,795575.53,2066908.02,Paid,2024-03-06,1.0,2024-03-06,INTERNAL,2024-03-06,2024-03-06
ADMIN-DIST-177,ADMIN-FUND-004,ADMIN-INV-019,7,2025-06-18,2025-06-03,547241.46,USD,Return of Capital,,2025,0.0,547241.46,2614149.48,Paid,2025-06-18,1.0,2025-06-18,INTERNAL,2025-06-18,2025-06-18
ADMIN-DIST-178,ADMIN-FUND-004,ADMIN-INV-023,1,2021-07-18,2021-07-03,114854.28,USD,Capital Gain,,2021,0.0,114854.28,114854.28,Paid,2021-07-18,1.0,2021-07-18,INTERNAL,2021-07-18,2021-07-18
ADMIN-DIST-179,ADMIN-FUND-004,ADMIN-INV-023,2,2022-11-15,2022-10-31,60299.02,USD,Capital Gain,,2022,0.0,60299.02,175153.3,Paid,2022-11-15,1.0,2022-11-15,INTERNAL,2022-11-15,2022-11-15
ADMIN-DIST-180,ADMIN-FUND-004,ADMIN-INV-023,3,2018-11-15,2018-10-31,83654.26,USD,Dividend,,2018,0.0,83654.26,258807.56,Paid,2018-11-15,1.0,2018-11-15,INTERNAL,2018-11-15,2018-11-15
ADMIN-DIST-181,ADMIN-FUND-004,ADMIN-INV-023,4,2022-08-09,2022-07-25,67152.59,USD,Return of Capital,,2022,0.0,67152.59,325960.15,Paid,2022-08-09,1.0,2022-08-09,INTERNAL,2022-08-09,2022-08-09
ADMIN-DIST-182,ADMIN-FUND-004,ADMIN-INV-023,5,2017-05-30,2017-05-15,101620.61,USD,Return of Capital,,2017,0.0,101620.61,427580.76,Paid,2017-05-30,1.0,2017-05-30,INTERNAL,2017-05-30,2017-05-30
ADMIN-DIST-183,ADMIN-FUND-004,ADMIN-INV-023,6,2017-10-28,2017-10-13,74623.83,USD,Dividend,,2017,0.0,74623.83,502204.59,Paid,2017-10-28,1.0,2017-10-28,INTERNAL,2017-10-28,2017-10-28
ADMIN-DIST-184,ADMIN-FUND-004,ADMIN-INV-023,7,2021-02-14,2021-01-30,108242.49,USD,Capital Gain,,2021,0.0,108242.49,610447.08,Paid,2021-02-14,1.0,2021-02-14,INTERNAL,2021-02-14,2021-02-14
ADMIN-DIST-185,ADMIN-FUND-004,ADMIN-INV-002,1,2024-04-12,2024-03-28,310253.74,USD,Capital Gain,,2024,0.0,310253.74,310253.74,Paid,2024-04-12,1.0,2024-04-12,INTERNAL,2024-04-12,2024-04-12
ADMIN-DIST-186,ADMIN-FUND-004,ADMIN-INV-002,2,2021-06-12,2021-05-28,25047.19,USD,Return of Capital,,2021,0.0,25047.19,335300.93,Paid,2021-06-12,1.0,2021-06-12,INTERNAL,2021-06-12,2021-06-12
ADMIN-DIST-187,ADMIN-FUND-004,ADMIN-INV-002,3,2018-08-06,2018-07-22,680046.37,USD,Return of Capital,,2018,0.0,680046.37,1015347.3,Paid,2018-08-06,1.0,2018-08-06,INTERNAL,2018-08-06,2018-08-06
ADMIN-DIST-188,ADMIN-FUND-004,ADMIN-INV-002,4,2019-07-20,2019-07-05,996878.72,USD,Capital Gain,,2019,0.0,996878.72,2012226.02,Paid,2019-07-20,1.0,2019-07-20,INTERNAL,2019-07-20,2019-07-20
ADMIN-DIST-189,ADMIN-FUND-004,ADMIN-INV-002,5,2019-11-02,2019-10-18,229790.84,USD,Capital Gain,,2019,0.0,229790.84,2242016.86,Paid,2019-11-02,1.0,2019-11-02,INTERNAL,2019-11-02,2019-11-02
ADMIN-DIST-190,ADMIN-FUND-004,ADMIN-INV-002,6,2021-06-24,2021-06-09,1350915.02,USD,Capital Gain,,2021,0.0,1350915.02,3592931.88,Paid,2021-06-24,1.0,2021-06-24,INTERNAL,2021-06-24,2021-06-24
ADMIN-DIST-191,ADMIN-FUND-004,ADMIN-INV-002,7,2024-12-29,2024-12-14,1234321.12,USD,Capital Gain,,2024,0.0,1234321.12,4827253.0,Paid,2024-12-29,1.0,2024-12-29,INTERNAL,2024-12-29,2024-12-29
ADMIN-DIST-192,ADMIN-FUND-004,ADMIN-INV-002,8,2021-03-02,2021-02-15,1169837.06,USD,Return of Capital,,2021,0.0,1169837.06,5997090.06,Paid,2021-03-02,1.0,2021-03-02,INTERNAL,2021-03-02,2021-03-02
ADMIN-DIST-193,ADMIN-FUND-004,ADMIN-INV-024,1,2022-10-01,2022-09-16,4488576.66,USD,Dividend,,2022,0.0,4488576.66,4488576.66,Paid,2022-10-01,1.0,2022-10-01,INTERNAL,2022-10-01,2022-10-01
ADMIN-DIST-194,ADMIN-FUND-004,ADMIN-INV-024,2,2022-05-09,2022-04-24,2661877.22,USD,Return of Capital,,2022,0.0,2661877.22,7150453.88,Paid,2022-05-09,1.0,2022-05-09,INTERNAL,2022-05-09,2022-05-09
ADMIN-DIST-195,ADMIN-FUND-004,ADMIN-INV-014,1,2017-07-28,2017-07-13,103259.49,USD,Dividend,,2017,0.0,103259.49,103259.49,Paid,2017-07-28,1.0,2017-07-28,INTERNAL,2017-07-28,2017-07-28
ADMIN-DIST-196,ADMIN-FUND-004,ADMIN-INV-014,2,2023-07-27,2023-07-12,1725616.75,USD,Return of Capital,,2023,0.0,1725616.75,1828876.24,Paid,2023-07-27,1.0,2023-07-27,INTERNAL,2023-07-27,2023-07-27
ADMIN-DIST-197,ADMIN-FUND-004,ADMIN-INV-014,3,2021-12-01,2021-11-16,3415674.48,USD,Capital Gain,,2021,0.0,3415674.48,5244550.72,Paid,2021-12-01,1.0,2021-12-01,INTERNAL,2021-12-01,2021-12-01
ADMIN-DIST-198,ADMIN-FUND-004,ADMIN-INV-014,4,2021-11-11,2021-10-27,1968919.38,USD,Dividend,,2021,0.0,1968919.38,7213470.1,Paid,2021-11-11,1.0,2021-11-11,INTERNAL,2021-11-11,2021-11-11
ADMIN-DIST-199,ADMIN-FUND-004,ADMIN-INV-014,5,2017-05-29,2017-05-14,2659666.03,USD,Dividend,,2017,0.0,2659666.03,9873136.13,Paid,2017-05-29,1.0,2017-05-29,INTERNAL,2017-05-29,2017-05-29
ADMIN-DIST-200,ADMIN-FUND-004,ADMIN-INV-014,6,2025-09-28,2025-09-13,1218791.3,USD,Dividend,,2025,0.0,1218791.3,11091927.43,Paid,2025-09-28,1.0,2025-09-28,INTERNAL,2025-09-28,2025-09-28
ADMIN-DIST-201,ADMIN-FUND-004,ADMIN-INV-012,1,2021-04-22,2021-04-07,1167750.09,USD,Capital Gain,,2021,0.0,1167750.09,1167750.09,Paid,2021-04-22,1.0,2021-04-22,INTERNAL,2021-04-22,2021-04-22
ADMIN-DIST-202,ADMIN-FUND-004,ADMIN-INV-012,2,2021-06-04,2021-05-20,7513367.21,USD,Return of Capital,,2021,0.0,7513367.21,8681117.3,Paid,2021-06-04,1.0,2021-06-04,INTERNAL,2021-06-04,2021-06-04
ADMIN-DIST-203,ADMIN-FUND-004,ADMIN-INV-012,3,2017-06-21,2017-06-06,765214.94,USD,Return of Capital,,2017,0.0,765214.94,9446332.24,Paid,2017-06-21,1.0,2017-06-21,INTERNAL,2017-06-21,2017-06-21
ADMIN-DIST-204,ADMIN-FUND-004,ADMIN-INV-016,1,2025-02-26,2025-02-11,10519580.03,USD,Capital Gain,,2025,0.0,10519580.03,10519580.03,Paid,2025-02-26,1.0,2025-02-26,INTERNAL,2025-02-26,2025-02-26
ADMIN-DIST-205,ADMIN-FUND-004,ADMIN-INV-016,2,2025-10-29,2025-10-14,2411839.36,USD,Return of Capital,,2025,0.0,2411839.36,12931419.39,Paid,2025-10-29,1.0,2025-10-29,INTERNAL,2025-10-29,2025-10-29
ADMIN-DIST-206,ADMIN-FUND-004,ADMIN-INV-013,1,2024-06-28,2024-06-13,1938147.88,USD,Dividend,,2024,0.0,1938147.88,1938147.88,Paid,2024-06-28,1.0,2024-06-28,INTERNAL,2024-06-28,2024-06-28
ADMIN-DIST-207,ADMIN-FUND-004,ADMIN-INV-013,2,2025-01-14,2024-12-30,523407.19,USD,Dividend,,2025,0.0,523407.19,2461555.07,Paid,2025-01-14,1.0,2025-01-14,INTERNAL,2025-01-14,2025-01-14
ADMIN-DIST-208,ADMIN-FUND-004,ADMIN-INV-013,3,2022-11-01,2022-10-17,1132807.67,USD,Dividend,,2022,0.0,1132807.67,3594362.74,Paid,2022-11-01,1.0,2022-11-01,INTERNAL,2022-11-01,2022-11-01
ADMIN-DIST-209,ADMIN-FUND-004,ADMIN-INV-013,4,2020-02-17,2020-02-02,1803286.05,USD,Dividend,,2020,0.0,1803286.05,5397648.79,Paid,2020-02-17,1.0,2020-02-17,INTERNAL,2020-02-17,2020-02-17
ADMIN-DIST-210,ADMIN-FUND-004,ADMIN-INV-013,5,2025-09-23,2025-09-08,1651608.09,USD,Return of Capital,,2025,0.0,1651608.09,7049256.88,Paid,2025-09-23,1.0,2025-09-23,INTERNAL,2025-09-23,2025-09-23
ADMIN-DIST-211,ADMIN-FUND-004,ADMIN-INV-013,6,2019-07-16,2019-07-01,670474.62,USD,Return of Capital,,2019,0.0,670474.62,7719731.5,Paid,2019-07-16,1.0,2019-07-16,INTERNAL,2019-07-16,2019-07-16
ADMIN-DIST-212,ADMIN-FUND-004,ADMIN-INV-013,7,2021-11-13,2021-10-29,1348537.76,USD,Capital Gain,,2021,0.0,1348537.76,9068269.26,Paid,2021-11-13,1.0,2021-11-13,INTERNAL,2021-11-13,2021-11-13
ADMIN-DIST-213,ADMIN-FUND-004,ADMIN-INV-013,8,2020-01-20,2020-01-05,1068195.0,USD,Capital Gain,,2020,0.0,1068195.0,10136464.26,Paid,2020-01-20,1.0,2020-01-20,INTERNAL,2020-01-20,2020-01-20
ADMIN-DIST-214,ADMIN-FUND-004,ADMIN-INV-022,1,2021-01-26,2021-01-11,999909.45,USD,Capital Gain,,2021,0.0,999909.45,999909.45,Paid,2021-01-26,1.0,2021-01-26,INTERNAL,2021-01-26,2021-01-26
ADMIN-DIST-215,ADMIN-FUND-004,ADMIN-INV-022,2,2025-04-30,2025-04-15,330020.84,USD,Capital Gain,,2025,0.0,330020.84,1329930.29,Paid,2025-04-30,1.0,2025-04-30,INTERNAL,2025-04-30,2025-04-30
ADMIN-DIST-216,ADMIN-FUND-004,ADMIN-INV-022,3,2021-09-14,2021-08-30,212315.75,USD,Dividend,,2021,0.0,212315.75,1542246.04,Paid,2021-09-14,1.0,2021-09-14,INTERNAL,2021-09-14,2021-09-14
ADMIN-DIST-217,ADMIN-FUND-004,ADMIN-INV-022,4,2020-09-18,2020-09-03,1167574.05,USD,Capital Gain,,2020,0.0,1167574.05,2709820.09,Paid,2020-09-18,1.0,2020-09-18,INTERNAL,2020-09-18,2020-09-18
ADMIN-DIST-218,ADMIN-FUND-005,ADMIN-INV-003,1,2023-04-11,2023-03-27,108824.35,EUR,Capital Gain,,2023,0.0,108824.35,108824.35,Paid,2023-04-11,1.0,2023-04-11,INTERNAL,2023-04-11,2023-04-11
ADMIN-DIST-219,ADMIN-FUND-005,ADMIN-INV-003,2,2025-10-06,2025-09-21,216939.49,EUR,Return of Capital,,2025,0.0,216939.49,325763.84,Paid,2025-10-06,1.0,2025-10-06,INTERNAL,2025-10-06,2025-10-06
ADMIN-DIST-220,ADMIN-FUND-005,ADMIN-INV-003,3,2022-08-10,2022-07-26,809194.22,EUR,Return of Capital,,2022,0.0,809194.22,1134958.06,Paid,2022-08-10,1.0,2022-08-10,INTERNAL,2022-08-10,2022-08-10
ADMIN-DIST-221,ADMIN-FUND-005,ADMIN-INV-003,4,2024-06-04,2024-05-20,452745.14,EUR,Return of Capital,,2024,0.0,452745.14,1587703.2,Paid,2024-06-04,1.0,2024-06-04,INTERNAL,2024-06-04,2024-06-04
ADMIN-DIST-222,ADMIN-FUND-005,ADMIN-INV-003,5,2022-11-20,2022-11-05,882066.71,EUR,Return of Capital,,2022,0.0,882066.71,2469769.91,Paid,2022-11-20,1.0,2022-11-20,INTERNAL,2022-11-20,2022-11-20
ADMIN-DIST-223,ADMIN-FUND-005,ADMIN-INV-003,6,2024-05-09,2024-04-24,541628.37,EUR,Capital Gain,,2024,0.0,541628.37,3011398.28,Paid,2024-05-09,1.0,2024-05-09,INTERNAL,2024-05-09,2024-05-09
ADMIN-DIST-224,ADMIN-FUND-005,ADMIN-INV-022,1,2025-09-24,2025-09-09,1042016.46,EUR,Capital Gain,,2025,0.0,1042016.46,1042016.46,Paid,2025-09-24,1.0,2025-09-24,INTERNAL,2025-09-24,2025-09-24
ADMIN-DIST-225,ADMIN-FUND-005,ADMIN-INV-011,1,2021-10-11,2021-09-26,876905.03,EUR,Return of Capital,,2021,0.0,876905.03,876905.03,Paid,2021-10-11,1.0,2021-10-11,INTERNAL,2021-10-11,2021-10-11
ADMIN-DIST-226,ADMIN-FUND-005,ADMIN-INV-011,2,2023-08-05,2023-07-21,521722.84,EUR,Dividend,,2023,0.0,521722.84,1398627.87,Paid,2023-08-05,1.0,2023-08-05,INTERNAL,2023-08-05,2023-08-05
ADMIN-DIST-227,ADMIN-FUND-005,ADMIN-INV-011,3,2025-10-12,2025-09-27,284428.37,EUR,Capital Gain,,2025,0.0,284428.37,1683056.24,Paid,2025-10-12,1.0,2025-10-12,INTERNAL,2025-10-12,2025-10-12
ADMIN-DIST-228,ADMIN-FUND-005,ADMIN-INV-011,4,2021-11-19,2021-11-04,310067.79,EUR,Dividend,,2021,0.0,310067.79,1993124.03,Paid,2021-11-19,1.0,2021-11-19,INTERNAL,2021-11-19,2021-11-19
ADMIN-DIST-229,ADMIN-FUND-005,ADMIN-INV-011,5,2025-05-09,2025-04-24,890373.58,EUR,Dividend,,2025,0.0,890373.58,2883497.61,Paid,2025-05-09,1.0,2025-05-09,INTERNAL,2025-05-09,2025-05-09
ADMIN-DIST-230,ADMIN-FUND-005,ADMIN-INV-011,6,2023-11-21,2023-11-06,76268.07,EUR,Return of Capital,,2023,0.0,76268.07,2959765.68,Paid,2023-11-21,1.0,2023-11-21,INTERNAL,2023-11-21,2023-11-21
ADMIN-DIST-231,ADMIN-FUND-005,ADMIN-INV-011,7,2023-10-14,2023-09-29,651926.76,EUR,Dividend,,2023,0.0,651926.76,3611692.44,Paid,2023-10-14,1.0,2023-10-14,INTERNAL,2023-10-14,2023-10-14
ADMIN-DIST-232,ADMIN-FUND-005,ADMIN-INV-020,1,2025-10-01,2025-09-16,247595.01,EUR,Capital Gain,,2025,0.0,247595.01,247595.01,Paid,2025-10-01,1.0,2025-10-01,INTERNAL,2025-10-01,2025-10-01
ADMIN-DIST-233,ADMIN-FUND-005,ADMIN-INV-020,2,2024-09-26,2024-09-11,594978.08,EUR,Capital Gain,,2024,0.0,594978.08,842573.09,Paid,2024-09-26,1.0,2024-09-26,INTERNAL,2024-09-26,2024-09-26
ADMIN-DIST-234,ADMIN-FUND-005,ADMIN-INV-020,3,2022-03-08,2022-02-21,338184.15,EUR,Return of Capital,,2022,0.0,338184.15,1180757.24,Paid,2022-03-08,1.0,2022-03-08,INTERNAL,2022-03-08,2022-03-08
ADMIN-DIST-235,ADMIN-FUND-005,ADMIN-INV-020,4,2023-08-03,2023-07-19,680396.72,EUR,Return of Capital,,2023,0.0,680396.72,1861153.96,Paid,2023-08-03,1.0,2023-08-03,INTERNAL,2023-08-03,2023-08-03
ADMIN-DIST-236,ADMIN-FUND-005,ADMIN-INV-020,5,2024-12-11,2024-11-26,198246.72,EUR,Return of Capital,,2024,0.0,198246.72,2059400.68,Paid,2024-12-11,1.0,2024-12-11,INTERNAL,2024-12-11,2024-12-11
ADMIN-DIST-237,ADMIN-FUND-005,ADMIN-INV-023,1,2022-10-18,2022-10-03,2195166.47,EUR,Dividend,,2022,0.0,2195166.47,2195166.47,Paid,2022-10-18,1.0,2022-10-18,INTERNAL,2022-10-18,2022-10-18
ADMIN-DIST-238,ADMIN-FUND-005,ADMIN-INV-023,2,2022-05-05,2022-04-20,857922.23,EUR,Dividend,,2022,0.0,857922.23,3053088.7,Paid,2022-05-05,1.0,2022-05-05,INTERNAL,2022-05-05,2022-05-05
ADMIN-DIST-239,ADMIN-FUND-005,ADMIN-INV-023,3,2023-09-14,2023-08-30,1010548.43,EUR,Capital Gain,,2023,0.0,1010548.43,4063637.13,Paid,2023-09-14,1.0,2023-09-14,INTERNAL,2023-09-14,2023-09-14
ADMIN-DIST-240,ADMIN-FUND-005,ADMIN-INV-004,1,2023-03-09,2023-02-22,159998.66,EUR,Return of Capital,,2023,0.0,159998.66,159998.66,Paid,2023-03-09,1.0,2023-03-09,INTERNAL,2023-03-09,2023-03-09
ADMIN-DIST-241,ADMIN-FUND-005,ADMIN-INV-004,2,2025-07-23,2025-07-08,22678.09,EUR,Capital Gain,,2025,0.0,22678.09,182676.75,Paid,2025-07-23,1.0,2025-07-23,INTERNAL,2025-07-23,2025-07-23
ADMIN-DIST-242,ADMIN-FUND-005,ADMIN-INV-004,3,2023-08-08,2023-07-24,389985.19,EUR,Dividend,,2023,0.0,389985.19,572661.94,Paid,2023-08-08,1.0,2023-08-08,INTERNAL,2023-08-08,2023-08-08
ADMIN-DIST-243,ADMIN-FUND-005,ADMIN-INV-004,4,2023-03-26,2023-03-11,372601.14,EUR,Dividend,,2023,0.0,372601.14,945263.08,Paid,2023-03-26,1.0,2023-03-26,INTERNAL,2023-03-26,2023-03-26
ADMIN-DIST-244,ADMIN-FUND-005,ADMIN-INV-010,1,2021-10-31,2021-10-16,1020217.9,EUR,Return of Capital,,2021,0.0,1020217.9,1020217.9,Paid,2021-10-31,1.0,2021-10-31,INTERNAL,2021-10-31,2021-10-31
ADMIN-DIST-245,ADMIN-FUND-005,ADMIN-INV-010,2,2025-11-22,2025-11-07,2070987.04,EUR,Return of Capital,,2025,0.0,2070987.04,3091204.94,Paid,2025-11-22,1.0,2025-11-22,INTERNAL,2025-11-22,2025-11-22
ADMIN-DIST-246,ADMIN-FUND-005,ADMIN-INV-017,1,2023-10-24,2023-10-09,491176.02,EUR,Return of Capital,,2023,0.0,491176.02,491176.02,Paid,2023-10-24,1.0,2023-10-24,INTERNAL,2023-10-24,2023-10-24
ADMIN-DIST-247,ADMIN-FUND-005,ADMIN-INV-017,2,2022-03-09,2022-02-22,552519.69,EUR,Return of Capital,,2022,0.0,552519.69,1043695.71,Paid,2022-03-09,1.0,2022-03-09,INTERNAL,2022-03-09,2022-03-09
ADMIN-DIST-248,ADMIN-FUND-005,ADMIN-INV-017,3,2022-11-12,2022-10-28,257561.64,EUR,Dividend,,2022,0.0,257561.64,1301257.35,Paid,2022-11-12,1.0,2022-11-12,INTERNAL,2022-11-12,2022-11-12
ADMIN-DIST-249,ADMIN-FUND-005,ADMIN-INV-017,4,2024-09-10,2024-08-26,1890.03,EUR,Dividend,,2024,0.0,1890.03,1303147.38,Paid,2024-09-10,1.0,2024-09-10,INTERNAL,2024-09-10,2024-09-10
ADMIN-DIST-250,ADMIN-FUND-005,ADMIN-INV-017,5,2025-03-04,2025-02-17,333357.57,EUR,Dividend,,2025,0.0,333357.57,1636504.95,Paid,2025-03-04,1.0,2025-03-04,INTERNAL,2025-03-04,2025-03-04
ADMIN-DIST-251,ADMIN-FUND-005,ADMIN-INV-017,6,2022-07-15,2022-06-30,569170.64,EUR,Dividend,,2022,0.0,569170.64,2205675.59,Paid,2022-07-15,1.0,2022-07-15,INTERNAL,2022-07-15,2022-07-15
ADMIN-DIST-252,ADMIN-FUND-005,ADMIN-INV-019,1,2023-08-08,2023-07-24,28150.82,EUR,Dividend,,2023,0.0,28150.82,28150.82,Paid,2023-08-08,1.0,2023-08-08,INTERNAL,2023-08-08,2023-08-08
ADMIN-DIST-253,ADMIN-FUND-005,ADMIN-INV-019,2,2024-03-17,2024-03-02,926036.23,EUR,Return of Capital,,2024,0.0,926036.23,954187.05,Paid,2024-03-17,1.0,2024-03-17,INTERNAL,2024-03-17,2024-03-17
ADMIN-DIST-254,ADMIN-FUND-005,ADMIN-INV-019,3,2022-10-08,2022-09-23,1516500.33,EUR,Dividend,,2022,0.0,1516500.33,2470687.38,Paid,2022-10-08,1.0,2022-10-08,INTERNAL,2022-10-08,2022-10-08
ADMIN-DIST-255,ADMIN-FUND-005,ADMIN-INV-019,4,2022-04-02,2022-03-18,98679.21,EUR,Capital Gain,,2022,0.0,98679.21,2569366.59,Paid,2022-04-02,1.0,2022-04-02,INTERNAL,2022-04-02,2022-04-02
ADMIN-DIST-256,ADMIN-FUND-005,ADMIN-INV-019,5,2022-06-27,2022-06-12,1303528.78,EUR,Capital Gain,,2022,0.0,1303528.78,3872895.37,Paid,2022-06-27,1.0,2022-06-27,INTERNAL,2022-06-27,2022-06-27
ADMIN-DIST-257,ADMIN-FUND-005,ADMIN-INV-019,6,2025-11-22,2025-11-07,655643.66,EUR,Dividend,,2025,0.0,655643.66,4528539.03,Paid,2025-11-22,1.0,2025-11-22,INTERNAL,2025-11-22,2025-11-22
ADMIN-DIST-258,ADMIN-FUND-005,ADMIN-INV-014,1,2023-05-31,2023-05-16,36393.83,EUR,Return of Capital,,2023,0.0,36393.83,36393.83,Paid,2023-05-31,1.0,2023-05-31,INTERNAL,2023-05-31,2023-05-31
ADMIN-DIST-259,ADMIN-FUND-005,ADMIN-INV-014,2,2021-06-05,2021-05-21,854556.0,EUR,Capital Gain,,2021,0.0,854556.0,890949.83,Paid,2021-06-05,1.0,2021-06-05,INTERNAL,2021-06-05,2021-06-05
ADMIN-DIST-260,ADMIN-FUND-005,ADMIN-INV-014,3,2024-01-02,2023-12-18,403262.35,EUR,Dividend,,2024,0.0,403262.35,1294212.18,Paid,2024-01-02,1.0,2024-01-02,INTERNAL,2024-01-02,2024-01-02
ADMIN-DIST-261,ADMIN-FUND-005,ADMIN-INV-014,4,2023-05-04,2023-04-19,356343.21,EUR,Return of Capital,,2023,0.0,356343.21,1650555.39,Paid,2023-05-04,1.0,2023-05-04,INTERNAL,2023-05-04,2023-05-04
ADMIN-DIST-262,ADMIN-FUND-005,ADMIN-INV-006,1,2021-06-13,2021-05-29,435031.01,EUR,Capital Gain,,2021,0.0,435031.01,435031.01,Paid,2021-06-13,1.0,2021-06-13,INTERNAL,2021-06-13,2021-06-13
ADMIN-DIST-263,ADMIN-FUND-005,ADMIN-INV-006,2,2024-08-17,2024-08-02,159831.06,EUR,Return of Capital,,2024,0.0,159831.06,594862.07,Paid,2024-08-17,1.0,2024-08-17,INTERNAL,2024-08-17,2024-08-17
ADMIN-DIST-264,ADMIN-FUND-005,ADMIN-INV-006,3,2023-09-10,2023-08-26,546785.71,EUR,Return of Capital,,2023,0.0,546785.71,1141647.78,Paid,2023-09-10,1.0,2023-09-10,INTERNAL,2023-09-10,2023-09-10
ADMIN-DIST-265,ADMIN-FUND-005,ADMIN-INV-007,1,2021-07-19,2021-07-04,3035126.06,EUR,Capital Gain,,2021,0.0,3035126.06,3035126.06,Paid,2021-07-19,1.0,2021-07-19,INTERNAL,2021-07-19,2021-07-19
ADMIN-DIST-266,ADMIN-FUND-005,ADMIN-INV-007,2,2022-09-26,2022-09-11,683752.82,EUR,Dividend,,2022,0.0,683752.82,3718878.88,Paid,2022-09-26,1.0,2022-09-26,INTERNAL,2022-09-26,2022-09-26
ADMIN-DIST-267,ADMIN-FUND-005,ADMIN-INV-007,3,2024-11-17,2024-11-02,549121.72,EUR,Dividend,,2024,0.0,549121.72,4268000.6,Paid,2024-11-17,1.0,2024-11-17,INTERNAL,2024-11-17,2024-11-17
ADMIN-DIST-268,ADMIN-FUND-005,ADMIN-INV-012,1,2025-05-16,2025-05-01,1315688.29,EUR,Dividend,,2025,0.0,1315688.29,1315688.29,Paid,2025-05-16,1.0,2025-05-16,INTERNAL,2025-05-16,2025-05-16
ADMIN-DIST-269,ADMIN-FUND-005,ADMIN-INV-012,2,2023-08-11,2023-07-27,154547.54,EUR,Dividend,,2023,0.0,154547.54,1470235.83,Paid,2023-08-11,1.0,2023-08-11,INTERNAL,2023-08-11,2023-08-11
ADMIN-DIST-270,ADMIN-FUND-005,ADMIN-INV-012,3,2021-09-08,2021-08-24,615202.77,EUR,Capital Gain,,2021,0.0,615202.77,2085438.6,Paid,2021-09-08,1.0,2021-09-08,INTERNAL,2021-09-08,2021-09-08
ADMIN-DIST-271,ADMIN-FUND-005,ADMIN-INV-012,4,2024-09-30,2024-09-15,165546.26,EUR,Dividend,,2024,0.0,165546.26,2250984.86,Paid,2024-09-30,1.0,2024-09-30,INTERNAL,2024-09-30,2024-09-30
ADMIN-DIST-272,ADMIN-FUND-005,ADMIN-INV-012,5,2022-07-24,2022-07-09,1044214.45,EUR,Return of Capital,,2022,0.0,1044214.45,3295199.31,Paid,2022-07-24,1.0,2022-07-24,INTERNAL,2022-07-24,2022-07-24
ADMIN-DIST-273,ADMIN-FUND-005,ADMIN-INV-005,1,2021-03-03,2021-02-16,79160.85,EUR,Capital Gain,,2021,0.0,79160.85,79160.85,Paid,2021-03-03,1.0,2021-03-03,INTERNAL,2021-03-03,2021-03-03
ADMIN-DIST-274,ADMIN-FUND-005,ADMIN-INV-005,2,2025-10-14,2025-09-29,402478.56,EUR,Capital Gain,,2025,0.0,402478.56,481639.41,Paid,2025-10-14,1.0,2025-10-14,INTERNAL,2025-10-14,2025-10-14
ADMIN-DIST-275,ADMIN-FUND-005,ADMIN-INV-005,3,2025-06-12,2025-05-28,264038.89,EUR,Capital Gain,,2025,0.0,264038.89,745678.3,Paid,2025-06-12,1.0,2025-06-12,INTERNAL,2025-06-12,2025-06-12
ADMIN-DIST-276,ADMIN-FUND-005,ADMIN-INV-005,4,2021-08-01,2021-07-17,236332.63,EUR,Dividend,,2021,0.0,236332.63,982010.93,Paid,2021-08-01,1.0,2021-08-01,INTERNAL,2021-08-01,2021-08-01
ADMIN-DIST-277,ADMIN-FUND-005,ADMIN-INV-005,5,2025-05-08,2025-04-23,456537.44,EUR,Capital Gain,,2025,0.0,456537.44,1438548.37,Paid,2025-05-08,1.0,2025-05-08,INTERNAL,2025-05-08,2025-05-08
ADMIN-DIST-278,ADMIN-FUND-005,ADMIN-INV-005,6,2022-03-11,2022-02-24,311810.46,EUR,Return of Capital,,2022,0.0,311810.46,1750358.83,Paid,2022-03-11,1.0,2022-03-11,INTERNAL,2022-03-11,2022-03-11
ADMIN-DIST-279,ADMIN-FUND-006,ADMIN-INV-015,1,2025-11-22,2025-11-07,252199.98,USD,Capital Gain,,2025,0.0,252199.98,252199.98,Paid,2025-11-22,1.0,2025-11-22,INTERNAL,2025-11-22,2025-11-22
ADMIN-DIST-280,ADMIN-FUND-006,ADMIN-INV-015,2,2025-11-22,2025-11-07,78154.36,USD,Capital Gain,,2025,0.0,78154.36,330354.34,Paid,2025-11-22,1.0,2025-11-22,INTERNAL,2025-11-22,2025-11-22
ADMIN-DIST-281,ADMIN-FUND-006,ADMIN-INV-015,3,2025-08-01,2025-07-17,16471.64,USD,Dividend,,2025,0.0,16471.64,346825.98,Paid,2025-08-01,1.0,2025-08-01,INTERNAL,2025-08-01,2025-08-01
ADMIN-DIST-282,ADMIN-FUND-006,ADMIN-INV-015,4,2025-01-04,2024-12-20,177772.57,USD,Capital Gain,,2025,0.0,177772.57,524598.55,Paid,2025-01-04,1.0,2025-01-04,INTERNAL,2025-01-04,2025-01-04
ADMIN-DIST-283,ADMIN-FUND-006,ADMIN-INV-015,5,2025-08-26,2025-08-11,1460.83,USD,Return of Capital,,2025,0.0,1460.83,526059.38,Paid,2025-08-26,1.0,2025-08-26,INTERNAL,2025-08-26,2025-08-26
ADMIN-DIST-284,ADMIN-FUND-006,ADMIN-INV-015,6,2025-03-10,2025-02-23,139507.33,USD,Return of Capital,,2025,0.0,139507.33,665566.71,Paid,2025-03-10,1.0,2025-03-10,INTERNAL,2025-03-10,2025-03-10
ADMIN-DIST-285,ADMIN-FUND-006,ADMIN-INV-022,1,2025-11-22,2025-11-07,185531.39,USD,Return of Capital,,2025,0.0,185531.39,185531.39,Paid,2025-11-22,1.0,2025-11-22,INTERNAL,2025-11-22,2025-11-22
ADMIN-DIST-286,ADMIN-FUND-006,ADMIN-INV-022,2,2025-11-22,2025-11-07,405001.09,USD,Capital Gain,,2025,0.0,405001.09,590532.48,Paid,2025-11-22,1.0,2025-11-22,INTERNAL,2025-11-22,2025-11-22
ADMIN-DIST-287,ADMIN-FUND-006,ADMIN-INV-022,3,2025-07-14,2025-06-29,320966.0,USD,Return of Capital,,2025,0.0,320966.0,911498.48,Paid,2025-07-14,1.0,2025-07-14,INTERNAL,2025-07-14,2025-07-14
ADMIN-DIST-288,ADMIN-FUND-006,ADMIN-INV-022,4,2025-05-24,2025-05-09,29362.86,USD,Capital Gain,,2025,0.0,29362.86,940861.34,Paid,2025-05-24,1.0,2025-05-24,INTERNAL,2025-05-24,2025-05-24
ADMIN-DIST-289,ADMIN-FUND-006,ADMIN-INV-022,5,2025-07-30,2025-07-15,80365.24,USD,Return of Capital,,2025,0.0,80365.24,1021226.58,Paid,2025-07-30,1.0,2025-07-30,INTERNAL,2025-07-30,2025-07-30
ADMIN-DIST-290,ADMIN-FUND-006,ADMIN-INV-022,6,2025-09-29,2025-09-14,708115.41,USD,Capital Gain,,2025,0.0,708115.41,1729341.99,Paid,2025-09-29,1.0,2025-09-29,INTERNAL,2025-09-29,2025-09-29
ADMIN-DIST-291,ADMIN-FUND-006,ADMIN-INV-007,1,2025-11-05,2025-10-21,89499.23,USD,Dividend,,2025,0.0,89499.23,89499.23,Paid,2025-11-05,1.0,2025-11-05,INTERNAL,2025-11-05,2025-11-05
ADMIN-DIST-292,ADMIN-FUND-006,ADMIN-INV-007,2,2025-02-21,2025-02-06,109328.44,USD,Capital Gain,,2025,0.0,109328.44,198827.67,Paid,2025-02-21,1.0,2025-02-21,INTERNAL,2025-02-21,2025-02-21
ADMIN-DIST-293,ADMIN-FUND-006,ADMIN-INV-007,3,2025-02-28,2025-02-13,117112.22,USD,Return of Capital,,2025,0.0,117112.22,315939.89,Paid,2025-02-28,1.0,2025-02-28,INTERNAL,2025-02-28,2025-02-28
ADMIN-DIST-294,ADMIN-FUND-006,ADMIN-INV-017,1,2025-10-23,2025-10-08,59107.21,USD,Dividend,,2025,0.0,59107.21,59107.21,Paid,2025-10-23,1.0,2025-10-23,INTERNAL,2025-10-23,2025-10-23
ADMIN-DIST-295,ADMIN-FUND-006,ADMIN-INV-017,2,2025-10-07,2025-09-22,39979.08,USD,Capital Gain,,2025,0.0,39979.08,99086.29,Paid,2025-10-07,1.0,2025-10-07,INTERNAL,2025-10-07,2025-10-07
ADMIN-DIST-296,ADMIN-FUND-006,ADMIN-INV-016,1,2025-01-03,2024-12-19,191500.53,USD,Return of Capital,,2025,0.0,191500.53,191500.53,Paid,2025-01-03,1.0,2025-01-03,INTERNAL,2025-01-03,2025-01-03
ADMIN-DIST-297,ADMIN-FUND-006,ADMIN-INV-016,2,2025-09-02,2025-08-18,1918145.1,USD,Return of Capital,,2025,0.0,1918145.1,2109645.63,Paid,2025-09-02,1.0,2025-09-02,INTERNAL,2025-09-02,2025-09-02
ADMIN-DIST-298,ADMIN-FUND-006,ADMIN-INV-006,1,2025-11-22,2025-11-07,1310625.32,USD,Return of Capital,,2025,0.0,1310625.32,1310625.32,Paid,2025-11-22,1.0,2025-11-22,INTERNAL,2025-11-22,2025-11-22
ADMIN-DIST-299,ADMIN-FUND-006,ADMIN-INV-003,1,2025-07-18,2025-07-03,457698.09,USD,Return of Capital,,2025,0.0,457698.09,457698.09,Paid,2025-07-18,1.0,2025-07-18,INTERNAL,2025-07-18,2025-07-18
ADMIN-DIST-300,ADMIN-FUND-006,ADMIN-INV-003,2,2025-09-28,2025-09-13,221031.38,USD,Capital Gain,,2025,0.0,221031.38,678729.47,Paid,2025-09-28,1.0,2025-09-28,INTERNAL,2025-09-28,2025-09-28
ADMIN-DIST-301,ADMIN-FUND-006,ADMIN-INV-003,3,2025-06-26,2025-06-11,399233.39,USD,Return of Capital,,2025,0.0,399233.39,1077962.86,Paid,2025-06-26,1.0,2025-06-26,INTERNAL,2025-06-26,2025-06-26
ADMIN-DIST-302,ADMIN-FUND-006,ADMIN-INV-003,4,2025-07-27,2025-07-12,569746.07,USD,Dividend,,2025,0.0,569746.07,1647708.93,Paid,2025-07-27,1.0,2025-07-27,INTERNAL,2025-07-27,2025-07-27
ADMIN-DIST-303,ADMIN-FUND-006,ADMIN-INV-010,1,2025-11-22,2025-11-07,285622.54,USD,Return of Capital,,2025,0.0,285622.54,285622.54,Paid,2025-11-22,1.0,2025-11-22,INTERNAL,2025-11-22,2025-11-22
ADMIN-DIST-304,ADMIN-FUND-006,ADMIN-INV-010,2,2025-03-09,2025-02-22,403430.01,USD,Dividend,,2025,0.0,403430.01,689052.55,Paid,2025-03-09,1.0,2025-03-09,INTERNAL,2025-03-09,2025-03-09
ADMIN-DIST-305,ADMIN-FUND-006,ADMIN-INV-010,3,2025-01-21,2025-01-06,287399.89,USD,Return of Capital,,2025,0.0,287399.89,976452.44,Paid,2025-01-21,1.0,2025-01-21,INTERNAL,2025-01-21,2025-01-21
ADMIN-DIST-306,ADMIN-FUND-006,ADMIN-INV-024,1,2025-04-16,2025-04-01,817015.77,USD,Capital Gain,,2025,0.0,817015.77,817015.77,Paid,2025-04-16,1.0,2025-04-16,INTERNAL,2025-04-16,2025-04-16
ADMIN-DIST-307,ADMIN-FUND-006,ADMIN-INV-024,2,2025-03-15,2025-02-28,945433.13,USD,Return of Capital,,2025,0.0,945433.13,1762448.9,Paid,2025-03-15,1.0,2025-03-15,INTERNAL,2025-03-15,2025-03-15
ADMIN-DIST-308,ADMIN-FUND-006,ADMIN-INV-024,3,2025-11-22,2025-11-07,15674.15,USD,Return of Capital,,2025,0.0,15674.15,1778123.05,Paid,2025-11-22,1.0,2025-11-22,INTERNAL,2025-11-22,2025-11-22
ADMIN-DIST-309,ADMIN-FUND-006,ADMIN-INV-024,4,2025-07-08,2025-06-23,121832.65,USD,Capital Gain,,2025,0.0,121832.65,1899955.7,Paid,2025-07-08,1.0,2025-07-08,INTERNAL,2025-07-08,2025-07-08
ADMIN-DIST-310,ADMIN-FUND-006,ADMIN-INV-011,1,2025-01-31,2025-01-16,261744.61,USD,Dividend,,2025,0.0,261744.61,261744.61,Paid,2025-01-31,1.0,2025-01-31,INTERNAL,2025-01-31,2025-01-31
ADMIN-DIST-311,ADMIN-FUND-006,ADMIN-INV-011,2,2025-08-23,2025-08-08,150848.42,USD,Dividend,,2025,0.0,150848.42,412593.03,Paid,2025-08-23,1.0,2025-08-23,INTERNAL,2025-08-23,2025-08-23
ADMIN-DIST-312,ADMIN-FUND-006,ADMIN-INV-011,3,2025-05-29,2025-05-14,259257.05,USD,Return of Capital,,2025,0.0,259257.05,671850.08,Paid,2025-05-29,1.0,2025-05-29,INTERNAL,2025-05-29,2025-05-29
ADMIN-DIST-313,ADMIN-FUND-006,ADMIN-INV-011,4,2025-07-31,2025-07-16,94899.88,USD,Return of Capital,,2025,0.0,94899.88,766749.96,Paid,2025-07-31,1.0,2025-07-31,INTERNAL,2025-07-31,2025-07-31
ADMIN-DIST-314,ADMIN-FUND-006,ADMIN-INV-011,5,2025-05-28,2025-05-13,467539.23,USD,Return of Capital,,2025,0.0,467539.23,1234289.19,Paid,2025-05-28,1.0,2025-05-28,INTERNAL,2025-05-28,2025-05-28
ADMIN-DIST-315,ADMIN-FUND-006,ADMIN-INV-002,1,2025-03-24,2025-03-09,578942.27,USD,Capital Gain,,2025,0.0,578942.27,578942.27,Paid,2025-03-24,1.0,2025-03-24,INTERNAL,2025-03-24,2025-03-24
ADMIN-DIST-316,ADMIN-FUND-006,ADMIN-INV-002,2,2025-04-23,2025-04-08,231781.44,USD,Capital Gain,,2025,0.0,231781.44,810723.71,Paid,2025-04-23,1.0,2025-04-23,INTERNAL,2025-04-23,2025-04-23
ADMIN-DIST-317,ADMIN-FUND-006,ADMIN-INV-002,3,2025-03-10,2025-02-23,400998.94,USD,Return of Capital,,2025,0.0,400998.94,1211722.65,Paid,2025-03-10,1.0,2025-03-10,INTERNAL,2025-03-10,2025-03-10
ADMIN-DIST-318,ADMIN-FUND-006,ADMIN-INV-002,4,2025-05-01,2025-04-16,328474.36,USD,Dividend,,2025,0.0,328474.36,1540197.01,Paid,2025-05-01,1.0,2025-05-01,INTERNAL,2025-05-01,2025-05-01
ADMIN-DIST-319,ADMIN-FUND-006,ADMIN-INV-014,1,2025-05-25,2025-05-10,249808.2,USD,Capital Gain,,2025,0.0,249808.2,249808.2,Paid,2025-05-25,1.0,2025-05-25,INTERNAL,2025-05-25,2025-05-25
ADMIN-DIST-320,ADMIN-FUND-006,ADMIN-INV-014,2,2025-05-06,2025-04-21,6793.91,USD,Dividend,,2025,0.0,6793.91,256602.11,Paid,2025-05-06,1.0,2025-05-06,INTERNAL,2025-05-06,2025-05-06
ADMIN-DIST-321,ADMIN-FUND-006,ADMIN-INV-014,3,2025-10-12,2025-09-27,189817.29,USD,Dividend,,2025,0.0,189817.29,446419.4,Paid,2025-10-12,1.0,2025-10-12,INTERNAL,2025-10-12,2025-10-12
ADMIN-DIST-322,ADMIN-FUND-006,ADMIN-INV-014,4,2025-10-22,2025-10-07,296130.2,USD,Dividend,,2025,0.0,296130.2,742549.6,Paid,2025-10-22,1.0,2025-10-22,INTERNAL,2025-10-22,2025-10-22
ADMIN-DIST-323,ADMIN-FUND-006,ADMIN-INV-014,5,2025-04-04,2025-03-20,80734.11,USD,Dividend,,2025,0.0,80734.11,823283.71,Paid,2025-04-04,1.0,2025-04-04,INTERNAL,2025-04-04,2025-04-04
ADMIN-DIST-324,ADMIN-FUND-006,ADMIN-INV-013,1,2025-07-25,2025-07-10,267043.78,USD,Dividend,,2025,0.0,267043.78,267043.78,Paid,2025-07-25,1.0,2025-07-25,INTERNAL,2025-07-25,2025-07-25
ADMIN-DIST-325,ADMIN-FUND-006,ADMIN-INV-013,2,2025-11-05,2025-10-21,157381.36,USD,Dividend,,2025,0.0,157381.36,424425.14,Paid,2025-11-05,1.0,2025-11-05,INTERNAL,2025-11-05,2025-11-05
ADMIN-DIST-326,ADMIN-FUND-006,ADMIN-INV-013,3,2025-10-16,2025-10-01,257836.9,USD,Capital Gain,,2025,0.0,257836.9,682262.04,Paid,2025-10-16,1.0,2025-10-16,INTERNAL,2025-10-16,2025-10-16
ADMIN-DIST-327,ADMIN-FUND-006,ADMIN-INV-013,4,2025-02-19,2025-02-04,100738.3,USD,Capital Gain,,2025,0.0,100738.3,783000.34,Paid,2025-02-19,1.0,2025-02-19,INTERNAL,2025-02-19,2025-02-19
ADMIN-DIST-328,ADMIN-FUND-006,ADMIN-INV-013,5,2025-08-30,2025-08-15,73890.65,USD,Dividend,,2025,0.0,73890.65,856890.99,Paid,2025-08-30,1.0,2025-08-30,INTERNAL,2025-08-30,2025-08-30
ADMIN-DIST-329,ADMIN-FUND-006,ADMIN-INV-004,1,2025-03-12,2025-02-25,76316.51,USD,Return of Capital,,2025,0.0,76316.51,76316.51,Paid,2025-03-12,1.0,2025-03-12,INTERNAL,2025-03-12,2025-03-12
ADMIN-DIST-330,ADMIN-FUND-006,ADMIN-INV-004,2,2025-07-30,2025-07-15,99630.42,USD,Return of Capital,,2025,0.0,99630.42,175946.93,Paid,2025-07-30,1.0,2025-07-30,INTERNAL,2025-07-30,2025-07-30
ADMIN-DIST-331,ADMIN-FUND-006,ADMIN-INV-004,3,2025-04-15,2025-03-31,122179.43,USD,Capital Gain,,2025,0.0,122179.43,298126.36,Paid,2025-04-15,1.0,2025-04-15,INTERNAL,2025-04-15,2025-04-15
ADMIN-DIST-332,ADMIN-FUND-006,ADMIN-INV-004,4,2025-07-31,2025-07-16,18279.62,USD,Dividend,,2025,0.0,18279.62,316405.98,Paid,2025-07-31,1.0,2025-07-31,INTERNAL,2025-07-31,2025-07-31
ADMIN-DIST-333,ADMIN-FUND-006,ADMIN-INV-021,1,2025-03-03,2025-02-16,543158.61,USD,Capital Gain,,2025,0.0,543158.61,543158.61,Paid,2025-03-03,1.0,2025-03-03,INTERNAL,2025-03-03,2025-03-03
ADMIN-DIST-334,ADMIN-FUND-006,ADMIN-INV-021,2,2025-11-22,2025-11-07,53624.85,USD,Dividend,,2025,0.0,53624.85,596783.46,Paid,2025-11-22,1.0,2025-11-22,INTERNAL,2025-11-22,2025-11-22
ADMIN-DIST-335,ADMIN-FUND-006,ADMIN-INV-021,3,2025-08-19,2025-08-04,17131.76,USD,Return of Capital,,2025,0.0,17131.76,613915.22,Paid,2025-08-19,1.0,2025-08-19,INTERNAL,2025-08-19,2025-08-19
ADMIN-DIST-336,ADMIN-FUND-006,ADMIN-INV-021,4,2025-02-17,2025-02-02,860407.89,USD,Capital Gain,,2025,0.0,860407.89,1474323.11,Paid,2025-02-17,1.0,2025-02-17,INTERNAL,2025-02-17,2025-02-17
